team_name,team_id,month,total_market,competitor_demand,firm_demand,competitor_price,beginning_inventory,arrival_qty,units_sold,ending_inventory,in_transit,production_order,pipeline_units,months_of_cover,forecast_error,service_level,revenue_amt,cogs_amt,inventory_holding_amt,stockout_penalty_amt,forecast_made,price,ai_price,ai_forecast_qty,ai_production_order
Team 1A,1,1,66.0,29,37,100.0,100,0,37,63,100,100,163.0,4.075,-3,1.0,3330.0,1850.0,630.0,0.0,40,90.0,100.0,33,100
Team 1A,1,2,84.0,41,43,81.0,63,0,43,20,125,25,145.0,3.2222222222222223,-2,1.0,3870.0,2150.0,200.0,0.0,45,90.0,90.0,37,50
Team 1A,1,3,104.0,47,57,81.0,20,100,57,63,125,100,188.0,3.418181818181818,2,1.0,4845.0,2850.0,630.0,0.0,55,85.0,90.0,52,100
Team 1A,1,4,108.0,64,44,76.0,63,25,44,44,150,50,194.0,3.5272727272727273,-11,1.0,4180.0,2200.0,440.0,0.0,55,95.0,85.0,52,50
Team 1A,1,5,134.0,71,63,76.0,44,100,63,81,100,50,181.0,3.290909090909091,8,1.0,5355.0,3150.0,810.0,0.0,55,85.0,95.0,57,50
Team 1A,1,6,164.0,88,76,76.0,81,50,76,55,110,60,165.0,2.75,16,1.0,6460.0,3800.0,550.0,0.0,60,85.0,85.0,63,100
Team 1A,1,7,268.0,133,135,76.0,55,50,105,0,210,150,210.0,2.8,60,0.7777777777777778,8400.0,5250.0,0.0,600.0,75,80.0,80.0,82,150
Team 1A,1,8,322.0,159,163,76.0,0,60,60,0,500,350,500.0,3.7037037037037037,28,0.36809815950920244,4680.0,3000.0,0.0,2060.0,135,78.0,78.0,212,350
Team 1A,1,9,384.0,266,118,83.0,0,150,118,32,350,0,382.0,3.82,18,1.0,11800.0,5900.0,320.0,0.0,100,100.0,77.0,180,0
Team 1A,1,10,302.0,194,108,91.0,32,350,108,274,50,50,324.0,2.7,-12,1.0,10800.0,5400.0,2740.0,0.0,120,100.0,91.0,130,100
Team 1A,1,11,350.0,166,184,100.0,274,0,184,90,200,150,290.0,2.230769230769231,54,1.0,16560.0,9200.0,900.0,0.0,130,90.0,95.0,118,200
Team 1A,1,12,400.0,189,211,110.0,90,50,140,0,250,100,250.0,1.7857142857142858,71,0.6635071090047393,15400.0,7000.0,0.0,1420.0,140,110.0,88.0,133,300
Team 1B,2,1,66.0,29,37,100.0,100,0,37,63,0,0,63.0,0.9264705882352942,-31,1.0,3330.0,1850.0,630.0,0.0,68,90.0,100.0,33,200
Team 1B,2,2,84.0,48,36,81.0,63,0,36,27,50,50,77.0,2.566666666666667,6,1.0,3564.0,1800.0,270.0,0.0,30,99.0,90.0,31,100
Team 1B,2,3,104.0,73,31,81.0,27,0,27,0,130,80,130.0,5.6521739130434785,8,0.8709677419354839,3105.0,1350.0,0.0,80.0,23,115.0,99.0,23,50
Team 1B,2,4,108.0,79,29,81.0,0,50,29,21,160,80,181.0,7.24,4,1.0,3335.0,1450.0,210.0,0.0,25,115.0,72.0,26,0
Team 1B,2,5,134.0,56,78,89.0,21,80,78,23,80,0,103.0,1.8727272727272728,23,1.0,6240.0,3900.0,230.0,0.0,55,80.0,98.0,45,50
Team 1B,2,6,164.0,61,103,97.0,23,80,103,0,80,80,80.0,1.4814814814814814,49,1.0,8755.0,5150.0,0.0,0.0,54,85.0,78.0,54,150
Team 1B,2,7,268.0,225,43,76.0,0,0,0,0,130,50,130.0,2.6530612244897958,-6,0.0,0.0,0.0,0.0,860.0,49,150.0,85.0,59,150
Team 1B,2,8,322.0,231,91,83.0,0,80,80,0,100,50,100.0,1.8181818181818181,36,0.8791208791208791,8720.0,4000.0,0.0,220.0,55,109.0,113.0,55,100
Team 1B,2,9,384.0,320,64,91.0,0,50,50,0,150,100,150.0,3.658536585365854,23,0.78125,7500.0,2500.0,0.0,280.0,41,150.0,96.0,46,100
Team 1B,2,10,302.0,252,50,100.0,0,50,50,0,180,80,180.0,2.8125,-14,1.0,7500.0,2500.0,0.0,0.0,64,150.0,81.0,64,150
Team 1B,2,11,350.0,232,118,110.0,0,100,100,0,80,0,80.0,1.0666666666666667,43,0.847457627118644,12100.0,5000.0,0.0,360.0,75,121.0,125.0,71,150
Team 1B,2,12,400.0,294,106,121.0,0,80,80,0,0,0,0.0,0.0,26,0.7547169811320755,12000.0,4000.0,0.0,520.0,80,150.0,115.0,82,250
Team 2A,3,1,66.0,29,37,100.0,100,0,37,63,120,120,183.0,4.066666666666666,-8,1.0,3515.0,1850.0,630.0,0.0,45,95.0,100.0,33,100
Team 2A,3,2,84.0,42,42,85.0,63,0,42,21,220,100,241.0,6.025,2,1.0,3990.0,2100.0,210.0,0.0,40,95.0,95.0,37,0
Team 2A,3,3,104.0,45,59,85.0,21,120,59,82,200,100,282.0,5.127272727272727,4,1.0,5133.0,2950.0,820.0,0.0,55,87.0,95.0,52,0
Team 2A,3,4,108.0,57,51,78.0,82,100,51,131,150,50,281.0,5.9787234042553195,4,1.0,4590.0,2550.0,1310.0,0.0,47,90.0,87.0,58,0
Team 2A,3,5,134.0,64,70,81.0,131,100,70,161,148,98,309.0,5.15,10,1.0,6090.0,3500.0,1610.0,0.0,60,87.0,90.0,65,0
Team 2A,3,6,164.0,86,78,78.0,161,50,78,133,198,100,331.0,5.092307692307692,13,1.0,6864.0,3900.0,1330.0,0.0,65,88.0,87.0,72,0
Team 2A,3,7,268.0,109,159,78.0,133,98,159,72,150,50,222.0,2.466666666666667,69,1.0,12084.0,7950.0,720.0,0.0,90,76.0,83.0,94,50
Team 2A,3,8,322.0,172,150,68.0,72,100,150,22,300,250,322.0,2.576,25,1.0,11700.0,7500.0,220.0,0.0,125,78.0,76.0,234,300
Team 2A,3,9,384.0,259,125,70.0,22,50,72,0,350,100,350.0,5.384615384615385,60,0.576,6840.0,3600.0,0.0,1060.0,65,95.0,73.0,177,0
Team 2A,3,10,302.0,139,163,70.0,0,250,163,87,250,150,337.0,1.4977777777777779,-62,1.0,11084.0,8150.0,870.0,0.0,225,68.0,82.0,222,550
Team 2A,3,11,350.0,186,164,70.0,87,100,164,23,150,0,173.0,0.9251336898395722,-23,1.0,11972.0,8200.0,230.0,0.0,187,73.0,66.0,187,450
Team 2A,3,12,400.0,187,213,70.0,23,150,173,0,0,0,0.0,0.0,40,0.812206572769953,11764.0,8650.0,0.0,800.0,173,68.0,71.0,207,550
Team 2B,4,1,66.0,29,37,100.0,100,0,37,63,99,99,162.0,3.24,-13,1.0,2775.0,1850.0,630.0,0.0,50,75.0,100.0,33,100
Team 2B,4,2,84.0,51,33,67.0,63,0,33,30,114,15,144.0,4.5,1,1.0,2805.0,1650.0,300.0,0.0,32,85.0,75.0,29,0
Team 2B,4,3,104.0,21,83,67.0,30,99,83,46,125,110,171.0,3.1666666666666665,29,1.0,4150.0,4150.0,460.0,0.0,54,50.0,85.0,47,100
Team 2B,4,4,108.0,42,66,60.0,46,15,61,0,280,170,280.0,2.88659793814433,-31,0.9242424242424242,3660.0,3050.0,0.0,100.0,97,60.0,60.0,97,250
Team 2B,4,5,134.0,85,49,60.0,0,110,49,61,360,190,421.0,4.677777777777778,-41,1.0,3920.0,2450.0,610.0,0.0,90,80.0,60.0,52,100
Team 2B,4,6,164.0,80,84,72.0,61,170,84,147,190,0,337.0,8.425,44,1.0,6720.0,4200.0,1470.0,0.0,40,80.0,80.0,31,0
Team 2B,4,7,268.0,92,176,72.0,147,190,176,161,160,160,321.0,3.21,76,1.0,11440.0,8800.0,1610.0,0.0,100,65.0,76.0,88,100
Team 2B,4,8,322.0,167,155,60.0,161,0,155,6,860,700,866.0,3.464,-95,1.0,10385.0,7750.0,60.0,0.0,250,67.0,63.0,237,700
Team 2B,4,9,384.0,207,177,60.0,6,160,166,0,754,54,754.0,3.968421052631579,-13,0.9378531073446328,11620.0,8300.0,0.0,220.0,190,70.0,63.0,186,0
Team 2B,4,10,302.0,113,189,63.0,0,700,189,511,179,125,690.0,2.76,-61,1.0,11340.0,9450.0,5110.0,0.0,250,60.0,70.0,236,250
Team 2B,4,11,350.0,94,256,60.0,511,54,256,309,125,0,434.0,1.5228070175438597,-29,1.0,12800.0,12800.0,3090.0,0.0,285,50.0,60.0,235,350
Team 2B,4,12,400.0,209,191,60.0,309,125,191,243,0,0,243.0,1.215,-9,1.0,13370.0,9550.0,2430.0,0.0,200,70.0,60.0,173,400
Team 3A,5,1,66.0,29,37,100.0,100,0,37,63,55,55,118.0,3.3714285714285714,2,1.0,3885.0,1850.0,630.0,0.0,35,105.0,100.0,33,50
Team 3A,5,2,84.0,42,42,94.0,63,0,42,21,120,65,141.0,3.525,2,1.0,4410.0,2100.0,210.0,0.0,40,105.0,105.0,37,50
Team 3A,5,3,104.0,51,53,94.0,21,55,53,23,169,104,192.0,3.6923076923076925,1,1.0,5459.0,2650.0,230.0,0.0,52,103.0,105.0,48,100
Team 3A,5,4,108.0,55,53,92.0,23,65,53,35,169,65,204.0,3.4,-7,1.0,5459.0,2650.0,350.0,0.0,60,103.0,103.0,56,50
Team 3A,5,5,134.0,68,66,92.0,35,104,66,73,117,52,190.0,3.2758620689655173,8,1.0,6666.0,3300.0,730.0,0.0,58,101.0,103.0,58,50
Team 3A,5,6,164.0,82,82,92.0,73,65,82,56,142,90,198.0,2.911764705882353,14,1.0,8200.0,4100.0,560.0,0.0,68,100.0,101.0,68,100
Team 3A,5,7,268.0,133,135,92.0,56,52,108,0,280,190,280.0,2.857142857142857,37,0.8,10692.0,5400.0,0.0,540.0,98,99.0,96.0,94,200
Team 3A,5,8,322.0,171,151,92.0,0,90,90,0,590,400,590.0,2.8502415458937196,-56,0.5960264900662252,9000.0,4500.0,0.0,1220.0,207,100.0,95.0,203,550
Team 3A,5,9,384.0,224,160,92.0,0,190,160,30,700,300,730.0,3.967391304347826,-24,1.0,16000.0,8000.0,300.0,0.0,184,100.0,96.0,183,150
Team 3A,5,10,302.0,179,123,92.0,30,400,123,307,400,100,707.0,3.8216216216216217,-62,1.0,12423.0,6150.0,3070.0,0.0,185,101.0,96.0,175,50
Team 3A,5,11,350.0,174,176,101.0,307,300,176,431,100,0,531.0,6.034090909090909,88,1.0,17600.0,8800.0,4310.0,0.0,88,100.0,96.0,81,0
Team 3A,5,12,400.0,102,298,101.0,431,100,298,233,0,0,233.0,1.2802197802197801,116,1.0,23840.0,14900.0,2330.0,0.0,182,80.0,100.0,227,200
Team 4A,7,1,66.0,29,37,100.0,100,0,37,63,0,0,63.0,1.575,-3,1.0,3552.0,1850.0,630.0,0.0,40,96.0,100.0,33,100
Team 4A,7,2,84.0,42,42,86.0,63,0,42,21,100,100,121.0,3.025,2,1.0,4074.0,2100.0,210.0,0.0,40,97.0,96.0,36,100
Team 4A,7,3,104.0,58,46,87.0,21,0,21,0,100,0,100.0,3.3333333333333335,16,0.45652173913043476,2163.0,1050.0,0.0,500.0,30,103.0,97.0,42,0
Team 4A,7,4,108.0,51,57,87.0,0,100,57,43,150,150,193.0,3.86,7,1.0,4845.0,2850.0,430.0,0.0,50,85.0,95.0,57,100
Team 4A,7,5,134.0,64,70,87.0,43,0,43,0,200,50,200.0,3.3333333333333335,10,0.6142857142857143,3698.0,2150.0,0.0,540.0,60,86.0,85.0,75,50
Team 4A,7,6,164.0,86,78,87.0,0,150,78,72,150,100,222.0,3.1714285714285713,8,1.0,6708.0,3900.0,720.0,0.0,70,86.0,86.0,99,100
Team 4A,7,7,268.0,123,145,87.0,72,50,122,0,150,50,150.0,1.6666666666666667,55,0.8413793103448276,10492.0,6100.0,0.0,460.0,90,86.0,86.0,95,150
Team 4A,7,8,322.0,180,142,87.0,0,100,100,0,300,250,300.0,3.0,42,0.704225352112676,9500.0,5000.0,0.0,840.0,100,95.0,86.0,177,250
Team 4A,7,9,384.0,261,123,87.0,0,50,50,0,300,50,300.0,2.5,3,0.4065040650406504,5500.0,2500.0,0.0,1460.0,120,110.0,95.0,156,200
Team 4A,7,10,302.0,144,158,95.0,0,250,158,92,200,150,292.0,2.433333333333333,38,1.0,13430.0,7900.0,920.0,0.0,120,85.0,98.0,184,200
Team 4A,7,11,350.0,182,168,104.0,92,50,142,0,150,0,150.0,1.0,18,0.8452380952380952,14200.0,7100.0,0.0,520.0,150,100.0,83.0,182,350
Team 4A,7,12,400.0,183,217,114.0,0,150,150,0,0,0,0.0,0.0,47,0.6912442396313364,15750.0,7500.0,0.0,1340.0,170,105.0,98.0,181,550
Team 4B,8,1,66.0,29,37,100.0,100,0,37,63,40,40,103.0,3.121212121212121,4,1.0,3700.0,1850.0,630.0,0.0,33,100.0,100.0,33,50
Team 4B,8,2,84.0,37,47,90.0,63,0,47,16,100,60,116.0,2.697674418604651,4,1.0,4465.0,2350.0,160.0,0.0,43,95.0,100.0,39,100
Team 4B,8,3,104.0,45,59,85.0,16,40,56,0,160,100,160.0,2.909090909090909,4,0.9491525423728814,4928.0,2800.0,0.0,60.0,55,88.0,95.0,63,150
Team 4B,8,4,108.0,54,54,79.0,0,60,54,6,205,105,211.0,3.5762711864406778,-5,1.0,4752.0,2700.0,60.0,0.0,59,88.0,88.0,71,100
Team 4B,8,5,134.0,61,73,79.0,6,100,73,33,215,110,248.0,3.220779220779221,-4,1.0,6059.0,3650.0,330.0,0.0,77,83.0,88.0,69,100
Team 4B,8,6,164.0,85,79,74.0,33,105,79,59,200,90,259.0,3.2375,-1,1.0,6557.0,3950.0,590.0,0.0,80,83.0,83.0,73,100
Team 4B,8,7,268.0,126,142,74.0,59,110,142,27,200,110,227.0,2.522222222222222,52,1.0,11076.0,7100.0,270.0,0.0,90,78.0,78.0,86,150
Team 4B,8,8,322.0,158,164,70.0,27,90,117,0,310,200,310.0,2.6495726495726495,47,0.7134146341463414,8892.0,5850.0,0.0,940.0,117,76.0,76.0,125,250
Team 4B,8,9,384.0,241,143,70.0,0,110,110,0,450,250,450.0,4.090909090909091,33,0.7692307692307693,9350.0,5500.0,0.0,660.0,110,85.0,73.0,182,150
Team 4B,8,10,302.0,176,126,70.0,0,200,126,74,600,350,674.0,3.2718446601941746,-80,1.0,9702.0,6300.0,740.0,0.0,206,77.0,77.0,206,400
Team 4B,8,11,350.0,124,226,77.0,74,250,226,98,500,150,598.0,2.99,26,1.0,14464.0,11300.0,980.0,0.0,200,64.0,73.0,170,150
Team 4B,8,12,400.0,150,250,77.0,98,350,250,198,150,0,348.0,1.5675675675675675,28,1.0,17500.0,12500.0,1980.0,0.0,222,70.0,62.0,222,300
Team 5A,9,1,66.0,29,37,100.0,100,0,37,63,50,50,113.0,3.2285714285714286,2,1.0,3404.0,1850.0,630.0,0.0,35,92.0,100.0,33,50
Team 5A,9,2,84.0,40,44,82.0,63,0,44,19,160,110,179.0,4.365853658536586,3,1.0,3960.0,2200.0,190.0,0.0,41,90.0,92.0,38,100
Team 5A,9,3,104.0,50,54,81.0,19,50,54,15,210,100,225.0,3.8793103448275863,-4,1.0,4752.0,2700.0,150.0,0.0,58,88.0,90.0,53,100
Team 5A,9,4,108.0,51,57,79.0,15,110,57,68,155,55,223.0,3.716666666666667,-3,1.0,4845.0,2850.0,680.0,0.0,60,85.0,88.0,65,50
Team 5A,9,5,134.0,71,63,76.0,68,100,63,105,95,40,200.0,3.508771929824561,6,1.0,5418.0,3150.0,1050.0,0.0,57,86.0,85.0,61,50
Team 5A,9,6,164.0,75,89,77.0,105,55,89,71,160,120,231.0,3.0,12,1.0,7120.0,4450.0,710.0,0.0,77,80.0,86.0,74,150
Team 5A,9,7,268.0,132,136,72.0,71,40,111,0,264,144,264.0,2.901098901098901,45,0.8161764705882353,8658.0,5550.0,0.0,500.0,91,78.0,78.0,91,150
Team 5A,9,8,322.0,216,106,72.0,0,120,106,14,394,250,408.0,3.4,-14,1.0,9964.0,5300.0,140.0,0.0,120,94.0,75.0,172,250
Team 5A,9,9,384.0,198,186,72.0,14,144,158,0,430,180,430.0,2.8666666666666667,36,0.8494623655913979,12008.0,7900.0,0.0,560.0,150,76.0,83.0,135,200
Team 5A,9,10,302.0,156,146,72.0,0,250,146,104,530,350,634.0,2.9488372093023254,-69,1.0,10804.0,7300.0,1040.0,0.0,215,74.0,74.0,213,450
Team 5A,9,11,350.0,176,174,72.0,104,180,174,110,350,0,460.0,3.2857142857142856,34,1.0,12876.0,8700.0,1100.0,0.0,140,74.0,73.0,203,0
Team 5A,9,12,400.0,170,230,72.0,110,350,230,230,0,0,230.0,1.0454545454545454,10,1.0,16100.0,11500.0,2300.0,0.0,220,70.0,74.0,211,450
Team 5B,10,1,66.0,29,37,100.0,100,0,37,63,120,120,183.0,4.066666666666666,-8,1.0,3515.0,1850.0,630.0,0.0,45,95.0,100.0,33,100
Team 5B,10,2,84.0,46,38,85.0,63,0,38,25,120,0,145.0,4.53125,6,1.0,3876.0,1900.0,250.0,0.0,32,102.0,95.0,32,0
Team 5B,10,3,104.0,54,50,91.0,25,120,50,95,50,50,145.0,3.8157894736842106,12,1.0,5100.0,2500.0,950.0,0.0,38,102.0,102.0,36,50
Team 5B,10,4,108.0,60,48,91.0,95,0,48,47,120,70,167.0,3.5531914893617023,1,1.0,5040.0,2400.0,470.0,0.0,47,105.0,102.0,37,50
Team 5B,10,5,134.0,71,63,91.0,47,50,63,34,110,40,144.0,2.938775510204082,14,1.0,6300.0,3150.0,340.0,0.0,49,100.0,105.0,57,50
Team 5B,10,6,164.0,86,78,91.0,34,70,78,26,140,100,166.0,2.5538461538461537,13,1.0,7800.0,3900.0,260.0,0.0,65,100.0,100.0,78,150
Team 5B,10,7,268.0,141,127,91.0,26,40,66,0,250,150,250.0,2.7777777777777777,37,0.5196850393700787,6600.0,3300.0,0.0,1220.0,90,100.0,95.0,99,200
Team 5B,10,8,322.0,214,108,91.0,0,100,100,0,400,250,400.0,3.3333333333333335,-12,0.9259259259259259,11000.0,5000.0,0.0,160.0,120,110.0,95.0,168,250
Team 5B,10,9,384.0,205,179,100.0,0,150,150,0,450,200,450.0,3.0,29,0.8379888268156425,15000.0,7500.0,0.0,580.0,150,100.0,100.0,140,200
Team 5B,10,10,302.0,130,172,110.0,0,250,172,78,250,50,328.0,1.3957446808510638,-63,1.0,16684.0,8600.0,780.0,0.0,235,97.0,98.0,205,500
Team 5B,10,11,350.0,153,197,110.0,78,200,197,81,50,0,131.0,1.0916666666666666,77,1.0,20882.0,9850.0,810.0,0.0,120,106.0,97.0,194,200
Team 5B,10,12,400.0,264,136,95.0,81,50,131,0,0,0,0.0,0.0,16,0.9632352941176471,16375.0,6550.0,0.0,100.0,120,125.0,106.0,151,350
Team 6A,11,1,66.0,29,37,100.0,100,0,37,63,160,160,223.0,4.054545454545455,-18,1.0,3330.0,1850.0,630.0,0.0,55,90.0,100.0,33,150
Team 6A,11,2,84.0,41,43,81.0,63,0,43,20,160,0,180.0,4.5,3,1.0,3870.0,2150.0,200.0,0.0,40,90.0,90.0,37,0
Team 6A,11,3,104.0,51,53,81.0,20,160,53,127,0,0,127.0,2.3962264150943398,0,1.0,4717.0,2650.0,1270.0,0.0,53,89.0,90.0,49,50
Team 6A,11,4,108.0,53,55,80.0,127,0,55,72,0,0,72.0,1.2,-5,1.0,4785.0,2750.0,720.0,0.0,60,87.0,89.0,55,150
Team 6A,11,5,134.0,70,64,78.0,72,0,64,8,90,90,98.0,1.75,8,1.0,5568.0,3200.0,80.0,0.0,56,87.0,87.0,59,200
Team 6A,11,6,164.0,82,82,78.0,8,0,8,0,150,60,150.0,2.142857142857143,12,0.0975609756097561,680.0,400.0,0.0,1480.0,70,85.0,87.0,71,200
Team 6A,11,7,268.0,153,115,85.0,0,90,90,0,210,150,210.0,2.625,35,0.782608695652174,7650.0,4500.0,0.0,500.0,80,85.0,70.0,79,200
Team 6A,11,8,322.0,159,163,93.0,0,60,60,0,464,314,464.0,2.9743589743589745,7,0.36809815950920244,4980.0,3000.0,0.0,2060.0,156,83.0,83.0,171,450
Team 6A,11,9,384.0,208,176,102.0,0,150,150,0,514,200,514.0,2.6632124352331608,-17,0.8522727272727273,13350.0,7500.0,0.0,520.0,193,89.0,83.0,215,350
Team 6A,11,10,302.0,118,184,112.0,0,314,184,130,200,0,330.0,1.7647058823529411,-3,1.0,16928.0,9200.0,1300.0,0.0,187,92.0,87.0,180,250
Team 6A,11,11,350.0,125,225,112.0,130,200,225,105,0,0,105.0,0.5329949238578681,28,1.0,21150.0,11250.0,1050.0,0.0,197,94.0,92.0,173,500
Team 6A,11,12,400.0,269,131,84.0,105,0,105,0,0,0,0.0,0.0,-36,0.8015267175572519,12075.0,5250.0,0.0,520.0,167,115.0,94.0,165,500
Team 6B,12,1,66.0,29,37,100.0,100,0,37,63,200,200,263.0,3.2875,-43,1.0,3145.0,1850.0,630.0,0.0,80,85.0,100.0,33,250
Team 6B,12,2,84.0,42,42,76.0,63,0,42,21,200,0,221.0,5.525,2,1.0,3570.0,2100.0,210.0,0.0,40,85.0,85.0,40,0
Team 6B,12,3,104.0,53,51,76.0,21,200,51,170,0,0,170.0,3.8636363636363638,7,1.0,4335.0,2550.0,1700.0,0.0,44,85.0,85.0,47,0
Team 6B,12,4,108.0,44,64,76.0,170,0,64,106,0,0,106.0,1.7966101694915255,5,1.0,4800.0,3200.0,1060.0,0.0,59,75.0,85.0,60,100
Team 6B,12,5,134.0,69,65,67.0,106,0,65,41,100,100,141.0,1.88,-10,1.0,4875.0,3250.0,410.0,0.0,75,75.0,75.0,89,200
Team 6B,12,6,164.0,66,98,67.0,41,0,41,0,294,194,294.0,3.6296296296296298,17,0.41836734693877553,2706.0,2050.0,0.0,1140.0,81,66.0,75.0,81,200
Team 6B,12,7,268.0,120,148,67.0,0,100,100,0,344,150,344.0,2.84297520661157,27,0.6756756756756757,6400.0,5000.0,0.0,960.0,121,64.0,64.0,121,200
Team 6B,12,8,322.0,225,97,67.0,0,194,97,97,400,250,497.0,3.380952380952381,-50,1.0,8148.0,4850.0,970.0,0.0,147,84.0,62.0,147,250
Team 6B,12,9,384.0,171,213,73.0,97,150,213,34,400,150,434.0,3.364341085271318,84,1.0,13845.0,10650.0,340.0,0.0,129,65.0,75.0,129,50
Team 6B,12,10,302.0,199,103,73.0,34,250,103,181,350,200,531.0,4.214285714285714,-23,1.0,9373.0,5150.0,1810.0,0.0,126,91.0,63.0,126,100
Team 6B,12,11,350.0,161,189,73.0,181,150,189,142,200,0,342.0,1.910614525139665,10,1.0,13608.0,9450.0,1420.0,0.0,179,72.0,82.0,179,200
Team 6B,12,12,400.0,134,266,73.0,142,200,266,76,0,0,76.0,0.31666666666666665,26,1.0,17290.0,13300.0,760.0,0.0,240,65.0,72.0,222,650
AI Team,13,1,66.0,29,37,100.0,100,0,37,63,50,50,113.0,3.4242424242424243,4,1.0,3700.0,1850.0,630.0,0.0,33,100.0,100.0,33,50
AI Team,13,2,84.0,41,43,90.0,63,0,43,20,100,50,120.0,3.2432432432432434,6,1.0,4300.0,2150.0,200.0,0.0,37,100.0,100.0,37,50
AI Team,13,3,104.0,52,52,90.0,20,50,52,18,150,100,168.0,3.4285714285714284,3,1.0,5200.0,2600.0,180.0,0.0,49,100.0,100.0,49,100
AI Team,13,4,108.0,54,54,90.0,18,50,54,14,200,100,214.0,3.5081967213114753,-7,1.0,5400.0,2700.0,140.0,0.0,61,100.0,100.0,61,100
AI Team,13,5,134.0,69,65,90.0,14,100,65,49,150,50,199.0,3.5535714285714284,9,1.0,6500.0,3250.0,490.0,0.0,56,100.0,100.0,56,50
AI Team,13,6,164.0,85,79,90.0,49,100,79,70,150,100,220.0,3.1884057971014492,10,1.0,7900.0,3950.0,700.0,0.0,69,100.0,100.0,69,100
AI Team,13,7,268.0,128,140,90.0,70,50,120,0,250,150,250.0,2.7777777777777777,50,0.8571428571428571,11400.0,6000.0,0.0,400.0,90,95.0,95.0,90,150
AI Team,13,8,322.0,151,171,90.0,0,100,100,0,850,700,850.0,3.617021276595745,-64,0.5847953216374269,9200.0,5000.0,0.0,1420.0,235,92.0,92.0,235,700
AI Team,13,9,384.0,196,188,90.0,0,150,150,0,800,100,800.0,3.5398230088495577,-38,0.7978723404255319,13650.0,7500.0,0.0,760.0,226,91.0,91.0,226,100
AI Team,13,10,302.0,154,148,90.0,0,700,148,552,200,100,752.0,3.4027149321266967,-73,1.0,13320.0,7400.0,5520.0,0.0,221,90.0,90.0,221,100
AI Team,13,11,350.0,169,181,90.0,552,100,181,471,100,0,571.0,5.598039215686274,79,1.0,15928.0,9050.0,4710.0,0.0,102,88.0,88.0,102,0
AI Team,13,12,400.0,172,228,90.0,471,100,228,343,200,200,543.0,2.842931937172775,37,1.0,20064.0,11400.0,3430.0,0.0,191,88.0,88.0,191,200
