team_name,team_id,month,total_market,competitor_demand,firm_demand,competitor_price,beginning_inventory,arrival_qty,units_sold,ending_inventory,in_transit,production_order,pipeline_units,months_of_cover,forecast_error,service_level,revenue_amt,cogs_amt,inventory_holding_amt,stockout_penalty_amt,forecast_made,price,ai_price,ai_forecast_qty,ai_production_order,unit_cost,revenue_growth,gross_margin,operating_profit,market_share,ms_momentum,ms_momentum_3mo,rpi,missed_demand,stockout_rate,fill_rate,ape,forecast_accuracy,mape,forecast_accuracy_avg,forecast_bias,avg_inventory,inventory_turnover,inventory_turnover_annualized,price_elasticity,cps,ppi
AI Team,13,1,66.0,29,37,100.0,100,0,37,63,50,50,113.0,3.4242424242424243,4,1.0,3700.0,1850.0,630.0,0.0,33,100.0,100.0,33,50,50.0,,0.5,1220.0,0.5606060606060606,,,0.0,0,0.0,1.0,0.10810810810810811,0.8918918918918919,0.22712802517118538,0.7728719748288146,1.3333333333333333,81.5,22.699386503067483,272.3926380368098,,,
AI Team,13,2,84.0,41,43,90.0,63,0,43,20,100,50,120.0,3.2432432432432434,6,1.0,4300.0,2150.0,200.0,0.0,37,100.0,100.0,37,50,50.0,0.16216216216216206,0.5,1950.0,0.5119047619047619,-0.04870129870129869,,0.1111111111111111,0,0.0,1.0,0.13953488372093023,0.8604651162790697,0.22712802517118538,0.7728719748288146,1.3333333333333333,41.5,51.80722891566265,621.6867469879518,,0.005411255411255409,0.47678018575851394
AI Team,13,3,104.0,52,52,90.0,20,50,52,18,150,100,168.0,3.4285714285714284,3,1.0,5200.0,2600.0,180.0,0.0,49,100.0,100.0,49,100,50.0,0.20930232558139528,0.5,2420.0,0.5,-0.011904761904761862,,0.1111111111111111,0,0.0,1.0,0.057692307692307696,0.9423076923076923,0.22712802517118538,0.7728719748288146,1.3333333333333333,19.0,136.8421052631579,1642.1052631578946,,0.001322751322751318,0.49411764705882355
AI Team,13,4,108.0,54,54,90.0,18,50,54,14,200,100,214.0,3.5081967213114758,-7,1.0,5400.0,2700.0,140.0,0.0,61,100.0,100.0,61,100,50.0,0.03846153846153855,0.5,2560.0,0.5,0.0,-0.020202020202020183,0.1111111111111111,0,0.0,1.0,0.12962962962962962,0.8703703703703703,0.22712802517118538,0.7728719748288146,1.3333333333333333,16.0,168.75,2025.0,,-0.0,0.5
AI Team,13,5,134.0,69,65,90.0,14,100,65,49,150,50,199.0,3.5535714285714284,9,1.0,6500.0,3250.0,490.0,0.0,56,100.0,100.0,56,50,50.0,0.20370370370370372,0.5,2760.0,0.48507462686567165,-0.014925373134328346,-0.008943378346363403,0.1111111111111111,0,0.0,1.0,0.13846153846153847,0.8615384615384616,0.22712802517118538,0.7728719748288146,1.3333333333333333,31.5,103.17460317460318,1238.095238095238,,0.0016583747927031494,0.4926470588235294
AI Team,13,6,164.0,85,79,90.0,49,100,79,70,150,100,220.0,3.188405797101449,10,1.0,7900.0,3950.0,700.0,0.0,69,100.0,100.0,69,100,50.0,0.21538461538461529,0.5,3250.0,0.4817073170731707,-0.0033673097925009388,-0.0060975609756097615,0.1111111111111111,0,0.0,1.0,0.12658227848101267,0.8734177215189873,0.22712802517118538,0.7728719748288146,1.3333333333333333,59.5,66.38655462184875,796.6386554621849,,0.0003741455325001043,0.4983219954648526
AI Team,13,7,268.0,128,140,90.0,70,50,120,0,250,150,250.0,2.7777777777777777,50,0.8571428571428571,11400.0,6000.0,0.0,400.0,90,95.0,95.0,90,150,50.0,0.4430379746835442,0.47368421052631576,5000.0,0.5223880597014925,0.040680742628321775,0.007462686567164163,0.05555555555555555,20,0.14285714285714285,0.8571428571428571,0.35714285714285715,0.6428571428571428,0.22712802517118538,0.7728719748288146,1.3333333333333333,35.0,171.42857142857142,2057.142857142857,-15.443037974683529,-0.0022600412571289873,0.40601503759398494
AI Team,13,8,322.0,151,171,90.0,0,100,100,0,850,700,850.0,3.617021276595745,-64,0.5847953216374269,9200.0,5000.0,0.0,1420.0,235,92.0,92.0,235,700,50.0,-0.19298245614035092,0.45652173913043476,2780.0,0.531055900621118,0.008667840919625469,0.015327091251815436,0.022222222222222223,71,0.4152046783625731,0.5847953216374269,0.3742690058479532,0.6257309941520468,0.22712802517118538,0.7728719748288146,1.3333333333333333,0.0,,,-7.011904761904768,-0.00019261868710278822,0.2669717772692601
AI Team,13,9,384.0,196,188,90.0,0,150,150,0,800,100,800.0,3.5398230088495577,-38,0.7978723404255319,13650.0,7500.0,0.0,760.0,226,91.0,91.0,226,100,50.0,0.4836956521739131,0.45054945054945056,5390.0,0.4895833333333333,-0.041472567287784645,0.002625338753387533,0.011111111111111112,38,0.20212765957446807,0.7978723404255319,0.20212765957446807,0.7978723404255319,0.22712802517118538,0.7728719748288146,1.3333333333333333,0.0,,,-9.146198830409311,0.0004608063031976072,0.3451660234541675
AI Team,13,10,302.0,154,148,90.0,0,700,148,552,200,100,752.0,3.4027149321266967,-73,1.0,13320.0,7400.0,5520.0,0.0,221,90.0,90.0,221,100,50.0,-0.0241758241758242,0.4444444444444444,400.0,0.4900662251655629,0.00048289183222960386,-0.010773944845309857,0.0,0,0.0,1.0,0.49324324324324326,0.5067567567567568,0.22712802517118538,0.7728719748288146,1.3333333333333333,276.0,26.81159420289855,321.7391304347826,19.36170212765964,-0.0,0.4444444444444444
AI Team,13,11,350.0,169,181,90.0,552,100,181,471,100,0,571.0,5.598039215686274,79,1.0,15928.0,9050.0,4710.0,0.0,102,88.0,88.0,102,0,50.0,0.19579579579579587,0.4318181818181818,2168.0,0.5171428571428571,0.027076631977294208,-0.004637681159420278,-0.022222222222222223,0,0.0,1.0,0.43646408839779005,0.56353591160221,0.22712802517118538,0.7728719748288146,1.3333333333333333,511.5,17.693059628543498,212.316715542522,-10.033783783783772,0.0006017029328287602,0.4318181818181818
AI Team,13,12,400.0,172,228,90.0,471,100,228,343,200,200,543.0,2.842931937172775,37,1.0,20064.0,11400.0,3430.0,0.0,191,88.0,88.0,191,200,50.0,0.2596685082872927,0.4318181818181818,5234.0,0.57,0.052857142857142825,0.026805555555555544,-0.022222222222222223,0,0.0,1.0,0.16228070175438597,0.8377192982456141,0.22712802517118538,0.7728719748288146,1.3333333333333333,407.0,28.00982800982801,336.1179361179361,,0.001174603174603174,0.4318181818181818
Team 1A,1,1,66.0,29,37,100.0,100,0,37,63,100,100,163.0,4.075,-3,1.0,3330.0,1850.0,630.0,0.0,40,90.0,100.0,33,100,50.0,,0.4444444444444444,850.0,0.5606060606060606,,,-0.1,0,0.0,1.0,0.08108108108108109,0.9189189189189189,0.18833659103882802,0.811663408961172,19.083333333333332,81.5,22.699386503067483,272.3926380368098,,,
Team 1A,1,2,84.0,41,43,81.0,63,0,43,20,125,25,145.0,3.2222222222222223,-2,1.0,3870.0,2150.0,200.0,0.0,45,90.0,90.0,37,50,50.0,0.16216216216216206,0.4444444444444444,1520.0,0.5119047619047619,-0.04870129870129869,,0.1111111111111111,0,0.0,1.0,0.046511627906976744,0.9534883720930233,0.18833659103882802,0.811663408961172,19.083333333333332,41.5,51.80722891566265,621.6867469879518,,0.005411255411255409,0.4238046095631235
Team 1A,1,3,104.0,47,57,81.0,20,100,57,63,125,100,188.0,3.418181818181818,2,1.0,4845.0,2850.0,630.0,0.0,55,85.0,90.0,52,100,50.0,0.25193798449612403,0.4117647058823529,1365.0,0.5480769230769231,0.036172161172161266,,0.04938271604938271,0,0.0,1.0,0.03508771929824561,0.9649122807017544,0.18833659103882802,0.811663408961172,19.083333333333332,41.5,68.67469879518072,824.0963855421686,-5.860465116279066,-0.0017862795640573464,0.4117647058823529
Team 1A,1,4,108.0,64,44,76.0,63,25,44,44,150,50,194.0,3.527272727272728,-11,1.0,4180.0,2200.0,440.0,0.0,55,95.0,85.0,52,50,50.0,-0.13725490196078427,0.47368421052631576,1540.0,0.4074074074074074,-0.14066951566951574,-0.05106621773288439,0.25,0,0.0,1.0,0.25,0.75,0.18833659103882802,0.811663408961172,19.083333333333332,53.5,41.12149532710281,493.4579439252337,-1.9385964912280702,0.035167378917378936,0.41526858044267706
Team 1A,1,5,134.0,71,63,76.0,44,100,63,81,100,50,181.0,3.290909090909091,8,1.0,5355.0,3150.0,810.0,0.0,55,85.0,95.0,57,50,50.0,0.2811004784688995,0.4117647058823529,1395.0,0.4701492537313433,0.06274184632393592,-0.01391850272447285,0.11842105263157894,0,0.0,1.0,0.12698412698412698,0.873015873015873,0.18833659103882802,0.811663408961172,19.083333333333332,62.5,50.4,604.8,-4.102272727272728,-0.007429955485729254,0.4117647058823529
Team 1A,1,6,164.0,88,76,76.0,81,50,76,55,110,60,165.0,2.75,16,1.0,6460.0,3800.0,550.0,0.0,60,85.0,85.0,63,100,50.0,0.20634920634920628,0.4117647058823529,2110.0,0.4634146341463415,-0.006734619585001822,-0.028220762976860547,0.11842105263157894,0,0.0,1.0,0.21052631578947367,0.7894736842105263,0.18833659103882802,0.811663408961172,19.083333333333332,68.0,55.88235294117647,670.5882352941177,,0.0007975207403291631,0.4090101779276165
Team 1A,1,7,268.0,133,135,76.0,55,50,105,0,210,150,210.0,2.8,60,0.7777777777777778,8400.0,5250.0,0.0,600.0,75,80.0,80.0,82,150,50.0,0.30030959752321973,0.375,2550.0,0.503731343283582,0.04031670913724056,0.03210797862539155,0.05263157894736842,30,0.2222222222222222,0.7777777777777778,0.4444444444444444,0.5555555555555556,0.18833659103882802,0.811663408961172,19.083333333333332,27.5,190.9090909090909,2290.909090909091,-13.19736842105263,-0.002121932059854766,0.2916666666666667
Team 1A,1,8,322.0,159,163,76.0,0,60,60,0,500,350,500.0,3.703703703703704,28,0.3680981595092024,4680.0,3000.0,0.0,2060.0,135,78.0,78.0,212,350,50.0,-0.44285714285714284,0.358974358974359,-380.0,0.5062111801242236,0.0024798368406415694,0.012020642130960102,0.02631578947368421,103,0.6319018404907976,0.36809815950920244,0.17177914110429449,0.8282208588957055,0.18833659103882802,0.811663408961172,19.083333333333332,0.0,,,-8.296296296296292,-6.525886422740972e-05,0.13213780084945725
Team 1A,1,9,384.0,266,118,83.0,0,150,118,32,350,0,382.0,3.82,18,1.0,11800.0,5900.0,320.0,0.0,100,100.0,77.0,180,0,50.0,1.5213675213675213,0.5,5580.0,0.3072916666666667,-0.19891951345755693,-0.0520409891598916,0.20481927710843373,0,0.0,1.0,0.15254237288135594,0.847457627118644,0.18833659103882802,0.811663408961172,19.083333333333332,16.0,368.75,4425.0,-0.9788064696040151,0.040742550949138166,0.4170421737136073
Team 1A,1,10,302.0,194,108,91.0,32,350,108,274,50,50,324.0,2.7,-12,1.0,10800.0,5400.0,2740.0,0.0,120,100.0,91.0,130,100,50.0,-0.0847457627118644,0.5,2660.0,0.3576158940397351,0.05032422737306841,-0.048705149747948984,0.0989010989010989,0,0.0,1.0,0.1111111111111111,0.8888888888888888,0.18833659103882802,0.811663408961172,19.083333333333332,153.0,35.294117647058826,423.5294117647059,,-0.004977121388545227,0.5
Team 1A,1,11,350.0,166,184,100.0,274,0,184,90,200,150,290.0,2.230769230769231,54,1.0,16560.0,9200.0,900.0,0.0,130,90.0,95.0,118,200,50.0,0.5333333333333334,0.4444444444444444,6460.0,0.5257142857142857,0.1680983916745506,0.006501035196687359,-0.1,0,0.0,1.0,0.29347826086956524,0.7065217391304348,0.18833659103882802,0.811663408961172,19.083333333333332,182.0,50.54945054945055,606.5934065934066,-7.037037037037039,0.01680983916745506,0.4444444444444444
Team 1A,1,12,400.0,189,211,110.0,90,50,140,0,250,100,250.0,1.7857142857142858,71,0.6635071090047393,15400.0,7000.0,0.0,1420.0,140,110.0,88.0,133,300,50.0,-0.07004830917874394,0.5454545454545454,6980.0,0.5275,0.0017857142857142794,0.07340277777777776,0.0,71,0.33649289099526064,0.6635071090047393,0.33649289099526064,0.6635071090047393,0.18833659103882802,0.811663408961172,19.083333333333332,45.0,155.55555555555554,1866.6666666666665,0.6603260869565218,-0.0,0.3619129685480396
Team 1B,2,1,66.0,29,37,100.0,100,0,37,63,0,0,63.0,0.9264705882352942,-31,1.0,3330.0,1850.0,630.0,0.0,68,90.0,100.0,33,200,50.0,,0.4444444444444444,850.0,0.5606060606060606,,,-0.1,0,0.0,1.0,0.8378378378378378,0.16216216216216217,0.3296086735985136,0.6703913264014865,13.916666666666666,81.5,22.699386503067483,272.3926380368098,,,
Team 1B,2,2,84.0,48,36,81.0,63,0,36,27,50,50,77.0,2.566666666666667,6,1.0,3564.0,1800.0,270.0,0.0,30,99.0,90.0,31,100,50.0,0.07027027027027022,0.494949494949495,1494.0,0.42857142857142855,-0.132034632034632,,0.2222222222222222,0,0.0,1.0,0.16666666666666666,0.8333333333333334,0.3296086735985136,0.6703913264014865,13.916666666666666,45.0,40.0,480.0,-0.2702702702702695,0.029341029341029334,0.4372211599745061
Team 1B,2,3,104.0,73,31,81.0,27,0,27,0,130,80,130.0,5.652173913043479,8,0.8709677419354839,3105.0,1350.0,0.0,80.0,23,115.0,99.0,23,50,50.0,-0.12878787878787878,0.5652173913043478,1675.0,0.2980769230769231,-0.13049450549450547,,0.41975308641975306,4,0.12903225806451613,0.8709677419354839,0.25806451612903225,0.7419354838709677,0.3296086735985136,0.6703913264014865,13.916666666666666,13.5,100.0,1200.0,-0.8593750000000001,0.054775471442138096,0.43546086479356644
Team 1B,2,4,108.0,79,29,81.0,0,50,29,21,160,80,181.0,7.24,4,1.0,3335.0,1450.0,210.0,0.0,25,115.0,72.0,26,0,50.0,0.07407407407407418,0.5652173913043478,1675.0,0.26851851851851855,-0.029558404558404527,-0.09736251402918067,0.41975308641975306,0,0.0,1.0,0.13793103448275862,0.8620689655172413,0.3296086735985136,0.6703913264014865,13.916666666666666,10.5,138.0952380952381,1657.1428571428573,,0.012407231543034,0.548990119260674
Team 1B,2,5,134.0,56,78,89.0,21,80,78,23,80,0,103.0,1.8727272727272728,23,1.0,6240.0,3900.0,230.0,0.0,55,80.0,98.0,45,50,50.0,0.871064467766117,0.375,2110.0,0.582089552238806,0.31357103372028744,0.05117270788912581,-0.10112359550561797,0,0.0,1.0,0.2948717948717949,0.7051282051282051,0.3296086735985136,0.6703913264014865,13.916666666666666,22.0,177.27272727272728,2127.2727272727275,-5.551724137931035,0.03170943037620884,0.375
Team 1B,2,6,164.0,61,103,97.0,23,80,103,0,80,80,80.0,1.4814814814814814,49,1.0,8755.0,5150.0,0.0,0.0,54,85.0,78.0,54,150,50.0,0.4030448717948718,0.4117647058823529,3605.0,0.6280487804878049,0.045959228248998896,0.10999061913696061,-0.12371134020618557,0,0.0,1.0,0.47572815533980584,0.5242718446601942,0.3296086735985136,0.6703913264014865,13.916666666666666,11.5,447.82608695652175,5373.913043478261,5.128205128205128,0.005685677721525637,0.4117647058823529
Team 1B,2,7,268.0,225,43,76.0,0,0,0,0,130,50,130.0,2.653061224489796,-6,0.0,0.0,0.0,0.0,860.0,49,150.0,85.0,59,150,,-1.0,,-860.0,0.16044776119402984,-0.46760101929377507,-0.036023585774829565,0.9736842105263158,43,1.0,0.0,0.13953488372093023,0.8604651162790697,0.3296086735985136,0.6703913264014865,13.916666666666666,0.0,,,-0.7617625093353249,0.45529572931235995,
Team 1B,2,8,322.0,231,91,83.0,0,80,80,0,100,50,100.0,1.818181818181818,36,0.8791208791208791,8720.0,4000.0,0.0,220.0,55,109.0,113.0,55,100,50.0,,0.5412844036697247,4500.0,0.2826086956521739,0.12216093445814405,-0.09982695219554404,0.3132530120481928,11,0.12087912087912088,0.8791208791208791,0.3956043956043956,0.6043956043956045,0.3296086735985136,0.6703913264014865,13.916666666666666,0.0,,,-4.0839478162223495,-0.03826728067363549,0.4758544208085492
Team 1B,2,9,384.0,320,64,91.0,0,50,50,0,150,100,150.0,3.658536585365854,23,0.78125,7500.0,2500.0,0.0,280.0,41,150.0,96.0,46,100,50.0,-0.13990825688073394,0.6666666666666666,4720.0,0.16666666666666666,-0.11594202898550723,-0.1537940379403794,0.6483516483516484,14,0.21875,0.78125,0.359375,0.640625,0.3296086735985136,0.6703913264014865,13.916666666666666,0.0,,,-0.7887965692843741,0.07517120560598821,0.46672077922077915
Team 1B,2,10,302.0,252,50,100.0,0,50,50,0,180,80,180.0,2.8125,-14,1.0,7500.0,2500.0,0.0,0.0,64,150.0,81.0,64,150,50.0,0.0,0.6666666666666666,5000.0,0.16556291390728478,-0.0011037527593818763,0.001705050904418313,0.5,0,0.0,1.0,0.28,0.72,0.3296086735985136,0.6703913264014865,13.916666666666666,0.0,,,,0.0005518763796909382,0.6659316427783903
Team 1B,2,11,350.0,232,118,110.0,0,100,100,0,80,0,80.0,1.0666666666666669,43,0.847457627118644,12100.0,5000.0,0.0,360.0,75,121.0,125.0,71,150,50.0,0.6133333333333333,0.5867768595041323,6740.0,0.33714285714285713,0.17157994323557235,0.018178053830227747,0.1,18,0.15254237288135594,0.847457627118644,0.3644067796610169,0.6355932203389831,0.3296086735985136,0.6703913264014865,13.916666666666666,0.0,,,-7.034482758620688,-0.017157994323557236,0.4972685250035019
Team 1B,2,12,400.0,294,106,121.0,0,80,80,0,0,0,0.0,0.0,26,0.7547169811320755,12000.0,4000.0,0.0,520.0,80,150.0,115.0,82,250,50.0,-0.008264462809917328,0.6666666666666666,7480.0,0.265,-0.07214285714285712,0.03277777777777779,0.2396694214876033,26,0.24528301886792453,0.7547169811320755,0.24528301886792453,0.7547169811320755,0.3296086735985136,0.6703913264014865,13.916666666666666,0.0,,,-0.42431326709526557,0.017290436835891376,0.4692888179368891
Team 2A,3,1,66.0,29,37,100.0,100,0,37,63,120,120,183.0,4.066666666666666,-8,1.0,3515.0,1850.0,630.0,0.0,45,95.0,100.0,33,100,50.0,,0.47368421052631576,1035.0,0.5606060606060606,,,-0.05,0,0.0,1.0,0.21621621621621623,0.7837837837837838,0.2090517845603146,0.7909482154396854,11.166666666666666,81.5,22.699386503067483,272.3926380368098,,,
Team 2A,3,2,84.0,42,42,85.0,63,0,42,21,220,100,241.0,6.025,2,1.0,3990.0,2100.0,210.0,0.0,40,95.0,95.0,37,0,50.0,0.1351351351351351,0.47368421052631576,1680.0,0.5,-0.06060606060606055,,0.11764705882352941,0,0.0,1.0,0.047619047619047616,0.9523809523809523,0.2090517845603146,0.7909482154396854,11.166666666666666,42.0,50.0,600.0,,0.007130124777183594,0.44661654135338347
Team 2A,3,3,104.0,45,59,85.0,21,120,59,82,200,100,282.0,5.127272727272727,4,1.0,5133.0,2950.0,820.0,0.0,55,87.0,95.0,52,0,50.0,0.28646616541353387,0.42528735632183906,1363.0,0.5673076923076923,0.06730769230769229,,0.023529411764705882,0,0.0,1.0,0.06779661016949153,0.9322033898305084,0.2090517845603146,0.7909482154396854,11.166666666666666,51.5,57.28155339805825,687.3786407766991,-4.806547619047616,-0.0015837104072398186,0.42528735632183906
Team 2A,3,4,108.0,57,51,78.0,82,100,51,131,150,50,281.0,5.97872340425532,4,1.0,4590.0,2550.0,1310.0,0.0,47,90.0,87.0,58,0,50.0,-0.10578609000584449,0.4444444444444444,730.0,0.4722222222222222,-0.09508547008547008,-0.02946127946127945,0.15384615384615385,0,0.0,1.0,0.0784313725490196,0.9215686274509804,0.2090517845603146,0.7909482154396854,11.166666666666666,106.5,23.943661971830984,287.32394366197184,-3.9322033898304998,0.01462853385930309,0.4058536585365853
Team 2A,3,5,134.0,64,70,81.0,131,100,70,161,148,98,309.0,5.15,10,1.0,6090.0,3500.0,1610.0,0.0,60,87.0,90.0,65,0,50.0,0.326797385620915,0.42528735632183906,980.0,0.5223880597014925,0.05016583747927028,0.007462686567164163,0.07407407407407407,0,0.0,1.0,0.14285714285714285,0.8571428571428572,0.2090517845603146,0.7909482154396854,11.166666666666666,146.0,23.972602739726028,287.67123287671234,-11.176470588235297,-0.003715987961427428,0.42528735632183906
Team 2A,3,6,164.0,86,78,78.0,161,50,78,133,198,100,331.0,5.092307692307692,13,1.0,6864.0,3900.0,1330.0,0.0,65,88.0,87.0,72,0,50.0,0.1270935960591133,0.4318181818181818,1634.0,0.47560975609756095,-0.04677830360393154,-0.030565978736710447,0.1282051282051282,0,0.0,1.0,0.16666666666666666,0.8333333333333334,0.2090517845603146,0.7909482154396854,11.166666666666666,147.0,26.53061224489796,318.36734693877554,9.942857142857063,0.005997218410760453,0.4125211425680909
Team 2A,3,7,268.0,109,159,78.0,133,98,159,72,150,50,222.0,2.466666666666667,69,1.0,12084.0,7950.0,720.0,0.0,90,76.0,83.0,94,50,50.0,0.7604895104895104,0.34210526315789475,3414.0,0.5932835820895522,0.11767382599199128,0.04035378662244334,-0.02564102564102564,0,0.0,1.0,0.4339622641509434,0.5660377358490566,0.2090517845603146,0.7909482154396854,11.166666666666666,102.5,77.5609756097561,930.7317073170732,-7.615384615384615,0.0030172775895382377,0.34210526315789475
Team 2A,3,8,322.0,172,150,68.0,72,100,150,22,300,250,322.0,2.576,25,1.0,11700.0,7500.0,220.0,0.0,125,78.0,76.0,234,300,50.0,-0.03177755710029795,0.358974358974359,3980.0,0.4658385093167702,-0.12744507277278205,-0.01884985012824077,0.14705882352941177,0,0.0,1.0,0.16666666666666666,0.8333333333333334,0.2090517845603146,0.7909482154396854,11.166666666666666,47.0,159.5744680851064,1914.8936170212767,-2.150943396226408,0.018741922466585598,0.31839631716294203
Team 2A,3,9,384.0,259,125,70.0,22,50,72,0,350,100,350.0,5.384615384615385,60,0.576,6840.0,3600.0,0.0,1060.0,65,95.0,73.0,177,0,50.0,-0.41538461538461535,0.47368421052631576,2180.0,0.3255208333333333,-0.14031767598343686,-0.05002964092140921,0.35714285714285715,53,0.424,0.576,0.48,0.52,0.2090517845603146,0.7909482154396854,11.166666666666666,11.0,327.27272727272725,3927.272727272727,-0.7647058823529413,0.05011345570837031,0.23926850474176192
Team 2A,3,10,302.0,139,163,70.0,0,250,163,87,250,150,337.0,1.497777777777778,-62,1.0,11084.0,8150.0,870.0,0.0,225,68.0,82.0,222,550,50.0,0.62046783625731,0.2647058823529412,2064.0,0.5397350993377483,0.214214266004415,-0.0178494942506013,-0.02857142857142857,0,0.0,1.0,0.3803680981595092,0.6196319018404908,0.2090517845603146,0.7909482154396854,11.166666666666666,43.5,187.35632183908046,2248.2758620689656,-1.0696296296296297,0.006120407600126143,0.2647058823529412
Team 2A,3,11,350.0,186,164,70.0,87,100,164,23,150,0,173.0,0.9251336898395722,-23,1.0,11972.0,8200.0,230.0,0.0,187,73.0,66.0,187,450,50.0,0.0801154817755323,0.3150684931506849,3542.0,0.4685714285714286,-0.07116367076631974,0.0009109730848861353,0.04285714285714286,0,0.0,1.0,0.1402439024390244,0.8597560975609756,0.2090517845603146,0.7909482154396854,11.166666666666666,55.0,149.0909090909091,1789.090909090909,0.08343558282208545,0.003049871604270846,0.29413664946766
Team 2A,3,12,400.0,187,213,70.0,23,150,173,0,0,0,0.0,0.0,40,0.812206572769953,11764.0,8650.0,0.0,800.0,173,68.0,71.0,207,550,50.0,-0.017373872368860677,0.2647058823529412,2314.0,0.5325,0.06392857142857139,0.06899305555555556,-0.02857142857142857,40,0.18779342723004694,0.812206572769953,0.18779342723004694,0.812206572769953,0.2090517845603146,0.7909482154396854,11.166666666666666,11.5,752.1739130434783,9026.08695652174,-4.362195121951217,0.0018265306122448967,0.21499585749792874
Team 2B,4,1,66.0,29,37,100.0,100,0,37,63,99,99,162.0,3.24,-13,1.0,2775.0,1850.0,630.0,0.0,50,75.0,100.0,33,100,50.0,,0.3333333333333333,295.0,0.5606060606060606,,,-0.25,0,0.0,1.0,0.35135135135135137,0.6486486486486487,0.3468844905256343,0.6531155094743657,-11.833333333333334,81.5,22.699386503067483,272.3926380368098,,,
Team 2B,4,2,84.0,51,33,67.0,63,0,33,30,114,15,144.0,4.5,1,1.0,2805.0,1650.0,300.0,0.0,32,85.0,75.0,29,0,50.0,0.0108108108108107,0.4117647058823529,855.0,0.39285714285714285,-0.1677489177489177,,0.26865671641791045,0,0.0,1.0,0.030303030303030304,0.9696969696969697,0.3468844905256343,0.6531155094743657,-11.833333333333334,46.5,35.483870967741936,425.80645161290323,-0.8108108108108111,0.045066873425082365,0.3526140762143597
Team 2B,4,3,104.0,21,83,67.0,30,99,83,46,125,110,171.0,3.1666666666666665,29,1.0,4150.0,4150.0,460.0,0.0,54,50.0,85.0,47,100,50.0,0.47950089126559714,0.0,-460.0,0.7980769230769231,0.4052197802197803,,-0.2537313432835821,0,0.0,1.0,0.3493975903614458,0.6506024096385542,0.3468844905256343,0.6531155094743657,-11.833333333333334,38.0,109.21052631578948,1310.5263157894738,-3.6796536796536796,0.10281695916024276,0.0
Team 2B,4,4,108.0,42,66,60.0,46,15,61,0,280,170,280.0,2.88659793814433,-31,0.9242424242424242,3660.0,3050.0,0.0,100.0,97,60.0,60.0,97,250,50.0,-0.11807228915662649,0.16666666666666666,510.0,0.6111111111111112,-0.18696581196581197,0.01683501683501687,0.0,5,0.07575757575757576,0.9242424242424242,0.4696969696969697,0.5303030303030303,0.3468844905256343,0.6531155094743657,-11.833333333333334,23.0,132.6086956521739,1591.304347826087,-1.024096385542169,0.0,0.12977661402503887
Team 2B,4,5,134.0,85,49,60.0,0,110,49,61,360,190,421.0,4.677777777777778,-41,1.0,3920.0,2450.0,610.0,0.0,90,80.0,60.0,52,100,50.0,0.0710382513661203,0.375,860.0,0.3656716417910448,-0.24543946932006638,-0.009061833688699358,0.3333333333333333,0,0.0,1.0,0.8367346938775511,0.16326530612244894,0.3468844905256343,0.6531155094743657,-11.833333333333334,30.5,80.32786885245902,963.9344262295083,-0.7727272727272729,0.08181315644002213,0.30109853528628494
Team 2B,4,6,164.0,80,84,72.0,61,170,84,147,190,0,337.0,8.425,44,1.0,6720.0,4200.0,1470.0,0.0,40,80.0,80.0,31,0,50.0,0.7142857142857142,0.375,1050.0,0.5121951219512195,0.14652348016017475,-0.09529393370856787,0.1111111111111111,0,0.0,1.0,0.5238095238095238,0.47619047619047616,0.3468844905256343,0.6531155094743657,-11.833333333333334,104.0,40.38461538461539,484.61538461538464,,-0.01628038668446386,0.375
Team 2B,4,7,268.0,92,176,72.0,147,190,176,161,160,160,321.0,3.21,76,1.0,11440.0,8800.0,1610.0,0.0,100,65.0,76.0,88,100,50.0,0.7023809523809523,0.23076923076923078,1030.0,0.6567164179104478,0.14452129595922825,0.015201768933112203,-0.09722222222222222,0,0.0,1.0,0.4318181818181818,0.5681818181818181,0.3468844905256343,0.6531155094743657,-11.833333333333334,154.0,57.142857142857146,685.7142857142858,-5.841269841269842,0.014050681551591636,0.23076923076923078
Team 2B,4,8,322.0,167,155,60.0,161,0,155,6,860,700,866.0,3.464,-95,1.0,10385.0,7750.0,60.0,0.0,250,67.0,63.0,237,700,50.0,-0.09222027972027969,0.2537313432835821,2575.0,0.4813664596273292,-0.17534995828311856,0.03856493927876148,0.11666666666666667,0,0.0,1.0,0.6129032258064516,0.3870967741935484,0.3468844905256343,0.6531155094743657,-11.833333333333334,83.5,92.81437125748504,1113.7724550898204,-3.877840909090921,0.0204574951330305,0.21587727254801437
Team 2B,4,9,384.0,207,177,60.0,6,160,166,0,754,54,754.0,3.968421052631579,-13,0.9378531073446328,11620.0,8300.0,0.0,220.0,190,70.0,63.0,186,0,50.0,0.11892152142513246,0.2857142857142857,3100.0,0.4609375,-0.020428959627329213,-0.01708587398373984,0.16666666666666666,11,0.062146892655367235,0.9378531073446328,0.07344632768361582,0.9265536723163842,0.3468844905256343,0.6531155094743657,-11.833333333333334,3.0,2766.6666666666665,33200.0,3.1698924731182845,0.0034048266045548685,0.26259351828642336
Team 2B,4,10,302.0,113,189,63.0,0,700,189,511,179,125,690.0,2.76,-61,1.0,11340.0,9450.0,5110.0,0.0,250,60.0,70.0,236,250,50.0,-0.02409638554216864,0.16666666666666666,-3220.0,0.6258278145695364,0.1648903145695364,-0.010296201113637124,-0.047619047619047616,0,0.0,1.0,0.32275132275132273,0.6772486772486772,0.3468844905256343,0.6531155094743657,-11.833333333333334,255.5,36.986301369863014,443.83561643835617,-0.4745762711864408,0.007851919741406494,0.16666666666666666
Team 2B,4,11,350.0,94,256,60.0,511,54,256,309,125,0,434.0,1.5228070175438595,-29,1.0,12800.0,12800.0,3090.0,0.0,285,50.0,60.0,235,350,50.0,0.12874779541446202,0.0,-3090.0,0.7314285714285714,0.10560075685903503,0.08335403726708074,-0.16666666666666666,0,0.0,1.0,0.11328125,0.88671875,0.3468844905256343,0.6531155094743657,-11.833333333333334,410.0,31.21951219512195,374.6341463414634,-2.126984126984127,0.017600126143172502,0.0
Team 2B,4,12,400.0,209,191,60.0,309,125,191,243,0,0,243.0,1.215,-9,1.0,13370.0,9550.0,2430.0,0.0,200,70.0,60.0,173,400,50.0,0.04453124999999991,0.2857142857142857,1390.0,0.4775,-0.25392857142857145,0.005520833333333326,0.16666666666666666,0,0.0,1.0,0.04712041884816754,0.9528795811518325,0.3468844905256343,0.6531155094743657,-11.833333333333334,276.0,34.60144927536232,415.21739130434787,-0.6347656250000001,0.04232142857142857,0.2278553118769581
Team 3A,5,1,66.0,29,37,100.0,100,0,37,63,55,55,118.0,3.3714285714285714,2,1.0,3885.0,1850.0,630.0,0.0,35,105.0,100.0,33,50,50.0,,0.5238095238095238,1405.0,0.5606060606060606,,,0.05,0,0.0,1.0,0.05405405405405406,0.9459459459459459,0.22773517610599603,0.772264823894004,9.916666666666666,81.5,22.699386503067483,272.3926380368098,,,
Team 3A,5,2,84.0,42,42,94.0,63,0,42,21,120,65,141.0,3.525,2,1.0,4410.0,2100.0,210.0,0.0,40,105.0,105.0,37,50,50.0,0.1351351351351351,0.5238095238095238,2100.0,0.5,-0.06060606060606055,,0.11702127659574468,0,0.0,1.0,0.047619047619047616,0.9523809523809523,0.22773517610599603,0.772264823894004,9.916666666666666,42.0,50.0,600.0,,0.0070921985815602774,0.4938775510204082
Team 3A,5,3,104.0,51,53,94.0,21,55,53,23,169,104,192.0,3.692307692307693,1,1.0,5459.0,2650.0,230.0,0.0,52,103.0,105.0,48,100,50.0,0.2378684807256235,0.5145631067961165,2579.0,0.5096153846153846,0.009615384615384581,,0.09574468085106383,0,0.0,1.0,0.018867924528301886,0.9811320754716981,0.22773517610599603,0.772264823894004,9.916666666666666,22.0,120.45454545454545,1445.4545454545455,-13.749999999999966,-0.0009206219312602259,0.5145631067961165
Team 3A,5,4,108.0,55,53,92.0,23,65,53,35,169,65,204.0,3.4,-7,1.0,5459.0,2650.0,350.0,0.0,60,103.0,103.0,56,50,50.0,0.0,0.5145631067961165,2459.0,0.49074074074074076,-0.018874643874643826,-0.0232884399551066,0.11956521739130435,0,0.0,1.0,0.1320754716981132,0.8679245283018868,0.22773517610599603,0.772264823894004,9.916666666666666,29.0,91.37931034482759,1096.5517241379312,,0.00225675089805524,0.5050308297390755
Team 3A,5,5,134.0,68,66,92.0,35,104,66,73,117,52,190.0,3.2758620689655173,8,1.0,6666.0,3300.0,730.0,0.0,58,101.0,103.0,58,50,50.0,0.22110276607437251,0.504950495049505,2636.0,0.4925373134328358,0.0017965726920950442,-0.0024875621890547337,0.09782608695652174,0,0.0,1.0,0.12121212121212122,0.8787878787878788,0.22773517610599603,0.772264823894004,9.916666666666666,54.0,61.111111111111114,733.3333333333334,-12.632075471698116,-0.00017575167640060215,0.504950495049505
Team 3A,5,6,164.0,82,82,92.0,73,65,82,56,142,90,198.0,2.911764705882353,14,1.0,8200.0,4100.0,560.0,0.0,68,100.0,101.0,68,100,50.0,0.2301230123012301,0.5,3540.0,0.5,0.007462686567164201,-0.0032051282051281937,0.08695652173913043,0,0.0,1.0,0.17073170731707318,0.8292682926829268,0.22773517610599603,0.772264823894004,9.916666666666666,64.5,63.565891472868216,762.7906976744187,-24.484848484848463,-0.0006489292667099304,0.5
Team 3A,5,7,268.0,133,135,92.0,56,52,108,0,280,190,280.0,2.857142857142857,37,0.8,10692.0,5400.0,0.0,540.0,98,99.0,96.0,94,200,50.0,0.3039024390243903,0.494949494949495,4752.0,0.503731343283582,0.003731343283582045,0.004330200847613763,0.07608695652173914,27,0.2,0.8,0.2740740740740741,0.7259259259259259,0.22773517610599603,0.772264823894004,9.916666666666666,28.0,192.85714285714286,2314.285714285714,-64.63414634146335,-0.0002839065541855904,0.395959595959596
Team 3A,5,8,322.0,171,151,92.0,0,90,90,0,590,400,590.0,2.85024154589372,-56,0.5960264900662252,9000.0,4500.0,0.0,1220.0,207,100.0,95.0,203,550,50.0,-0.1582491582491582,0.5,3280.0,0.468944099378882,-0.03478724390470006,-0.007864404684651272,0.08695652173913043,61,0.40397350993377484,0.5960264900662252,0.3708609271523179,0.6291390728476821,0.22773517610599603,0.772264823894004,9.916666666666666,0.0,,,11.733333333333253,0.0030249777308434833,0.2879947030546875
Team 3A,5,9,384.0,224,160,92.0,0,190,160,30,700,300,730.0,3.967391304347826,-24,1.0,16000.0,8000.0,300.0,0.0,184,100.0,96.0,183,150,50.0,0.7777777777777777,0.5,7700.0,0.4166666666666667,-0.0522774327122153,-0.027777777777777773,0.08695652173913043,0,0.0,1.0,0.15,0.85,0.22773517610599603,0.772264823894004,9.916666666666666,15.0,533.3333333333334,6400.0,,0.004545863714105678,0.4751598622725037
Team 3A,5,10,302.0,179,123,92.0,30,400,123,307,400,100,707.0,3.8216216216216217,-62,1.0,12423.0,6150.0,3070.0,0.0,185,101.0,96.0,175,50,50.0,-0.2235625,0.504950495049505,3203.0,0.40728476821192056,-0.00938189845474613,-0.0321488583572205,0.09782608695652174,0,0.0,1.0,0.5040650406504065,0.49593495934959353,0.22773517610599603,0.772264823894004,9.916666666666666,168.5,36.49851632047478,437.98219584569733,-23.124999999999975,0.0009177944140512518,0.500257133422473
Team 3A,5,11,350.0,174,176,101.0,307,300,176,431,100,0,531.0,6.034090909090909,88,1.0,17600.0,8800.0,4310.0,0.0,88,100.0,96.0,81,0,50.0,0.41672703855751436,0.5,4490.0,0.5028571428571429,0.09557237464522234,0.011304347826086969,-0.009900990099009901,0,0.0,1.0,0.5,0.5,0.22773517610599603,0.772264823894004,9.916666666666666,369.0,23.848238482384822,286.17886178861784,-43.52032520325199,0.0009462611351012113,0.5
Team 3A,5,12,400.0,102,298,101.0,431,100,298,233,0,0,233.0,1.28021978021978,116,1.0,23840.0,14900.0,2330.0,0.0,182,80.0,100.0,227,200,50.0,0.3545454545454545,0.375,6610.0,0.745,0.2421428571428571,0.10944444444444444,-0.2079207920792079,0,0.0,1.0,0.38926174496644295,0.610738255033557,0.22773517610599603,0.772264823894004,9.916666666666666,332.0,44.87951807228916,538.5542168674699,-3.4659090909090913,0.050346534653465336,0.375
Team 4A,7,1,66.0,29,37,100.0,100,0,37,63,0,0,63.0,1.575,-3,1.0,3552.0,1850.0,630.0,0.0,40,96.0,100.0,33,100,50.0,,0.4791666666666667,1072.0,0.5606060606060606,,,-0.04,0,0.0,1.0,0.08108108108108109,0.9189189189189189,0.17570573027058647,0.8242942697294136,20.25,81.5,22.699386503067483,272.3926380368098,,,
Team 4A,7,2,84.0,42,42,86.0,63,0,42,21,100,100,121.0,3.025,2,1.0,4074.0,2100.0,210.0,0.0,40,97.0,96.0,36,100,50.0,0.14695945945945943,0.4845360824742268,1764.0,0.5,-0.06060606060606055,,0.12790697674418605,0,0.0,1.0,0.047619047619047616,0.9523809523809523,0.17570573027058647,0.8242942697294136,20.25,42.0,50.0,600.0,12.972972972972876,0.007751937984496118,0.45684830633284246
Team 4A,7,3,104.0,58,46,87.0,21,0,21,0,100,0,100.0,3.333333333333333,16,0.4565217391304347,2163.0,1050.0,0.0,500.0,30,103.0,97.0,42,0,50.0,-0.4690721649484536,0.5145631067961165,613.0,0.4423076923076923,-0.05769230769230771,,0.1839080459770115,25,0.5434782608695652,0.45652173913043476,0.34782608695652173,0.6521739130434783,0.17570573027058647,0.8242942697294136,20.25,10.5,100.0,1200.0,1.5396825396825413,0.01061007957559682,0.22209601289381783
Team 4A,7,4,108.0,51,57,87.0,0,100,57,43,150,150,193.0,3.86,7,1.0,4845.0,2850.0,430.0,0.0,50,85.0,95.0,57,100,50.0,1.2399445214979194,0.4117647058823529,1565.0,0.5277777777777778,0.0854700854700855,-0.01094276094276092,-0.022988505747126436,0,0.0,1.0,0.12280701754385964,0.8771929824561404,0.17570573027058647,0.8242942697294136,20.25,21.5,132.5581395348837,1590.6976744186045,-1.3683574879227047,0.001964829551036448,0.4117647058823529
Team 4A,7,5,134.0,64,70,87.0,43,0,43,0,200,50,200.0,3.333333333333333,10,0.6142857142857143,3698.0,2150.0,0.0,540.0,60,86.0,85.0,75,50,50.0,-0.23673890608875126,0.4186046511627907,1008.0,0.5223880597014925,-0.005389718076285299,0.007462686567164163,-0.011494252873563218,27,0.38571428571428573,0.6142857142857143,0.14285714285714285,0.8571428571428572,0.17570573027058647,0.8242942697294136,20.25,21.5,100.0,1200.0,19.385964912280773,-6.195078248603792e-05,0.25576435935198827
Team 4A,7,6,164.0,86,78,87.0,0,150,78,72,150,100,222.0,3.1714285714285717,8,1.0,6708.0,3900.0,720.0,0.0,70,86.0,86.0,99,100,50.0,0.8139534883720929,0.4186046511627907,2088.0,0.47560975609756095,-0.04677830360393154,0.011100687929956221,-0.011494252873563218,0,0.0,1.0,0.10256410256410256,0.8974358974358975,0.17570573027058647,0.8242942697294136,20.25,36.0,108.33333333333333,1300.0,,-0.0005376816506199027,0.3998980965898752
Team 4A,7,7,268.0,123,145,87.0,72,50,122,0,150,50,150.0,1.6666666666666667,55,0.8413793103448276,10492.0,6100.0,0.0,460.0,90,86.0,86.0,95,150,50.0,0.5641025641025641,0.4186046511627907,3932.0,0.5410447761194029,0.06543502002184198,0.004422332780541716,-0.011494252873563218,23,0.15862068965517243,0.8413793103448276,0.3793103448275862,0.6206896551724138,0.17570573027058647,0.8242942697294136,20.25,36.0,169.44444444444446,2033.3333333333335,,0.0007521266669177239,0.352205292702486
Team 4A,7,8,322.0,180,142,87.0,0,100,100,0,300,250,300.0,3.0,42,0.704225352112676,9500.0,5000.0,0.0,840.0,100,95.0,86.0,177,250,50.0,-0.09454822722073963,0.47368421052631576,3660.0,0.4409937888198758,-0.10005098729952716,-0.02713142362720557,0.09195402298850575,42,0.29577464788732394,0.704225352112676,0.29577464788732394,0.704225352112676,0.17570573027058647,0.8242942697294136,20.25,0.0,,,-0.19770114942528783,0.009200090786163417,0.30324088046773484
Team 4A,7,9,384.0,261,123,87.0,0,50,50,0,300,50,300.0,2.5,3,0.4065040650406504,5500.0,2500.0,0.0,1460.0,120,110.0,95.0,156,200,50.0,-0.42105263157894735,0.5454545454545454,1540.0,0.3203125,-0.12068128881987578,-0.05176575203252032,0.26436781609195403,73,0.5934959349593496,0.4065040650406504,0.024390243902439025,0.975609756097561,0.17570573027058647,0.8242942697294136,20.25,0.0,,,-0.8474178403755869,0.031904248768472906,0.1978524065978324
Team 4A,7,10,302.0,144,158,95.0,0,250,158,92,200,150,292.0,2.433333333333333,38,1.0,13430.0,7900.0,920.0,0.0,120,85.0,98.0,184,200,50.0,1.4418181818181819,0.4117647058823529,4610.0,0.5231788079470199,0.20286630794701987,-0.005955322724127687,-0.10526315789473684,0,0.0,1.0,0.24050632911392406,0.759493670886076,0.17570573027058647,0.8242942697294136,20.25,46.0,171.7391304347826,2060.869565217391,-1.2520325203252036,0.02135434820494946,0.4117647058823529
Team 4A,7,11,350.0,182,168,104.0,92,50,142,0,150,0,150.0,1.0,18,0.8452380952380952,14200.0,7100.0,0.0,520.0,150,100.0,83.0,182,350,50.0,0.05733432613551748,0.5,6580.0,0.48,-0.04317880794701989,0.013002070393374735,-0.038461538461538464,26,0.15476190476190477,0.8452380952380952,0.10714285714285714,0.8928571428571429,0.17570573027058647,0.8242942697294136,20.25,46.0,154.34782608695653,1852.1739130434785,0.3586497890295352,-0.0016607233825776883,0.40512618201165684
Team 4A,7,12,400.0,183,217,114.0,0,150,150,0,0,0,0.0,0.0,47,0.6912442396313364,15750.0,7500.0,0.0,1340.0,170,105.0,98.0,181,550,50.0,0.10915492957746475,0.5238095238095238,6910.0,0.5425,0.0625,0.07406249999999999,-0.07894736842105263,67,0.3087557603686636,0.6912442396313364,0.21658986175115208,0.7834101382488479,0.17570573027058647,0.8242942697294136,20.25,0.0,,,5.8333333333333295,0.004934210526315789,0.36208031599736673
Team 4B,8,1,66.0,29,37,100.0,100,0,37,63,40,40,103.0,3.121212121212121,4,1.0,3700.0,1850.0,630.0,0.0,33,100.0,100.0,33,50,50.0,,0.5,1220.0,0.5606060606060606,,,0.0,0,0.0,1.0,0.10810810810810811,0.8918918918918919,0.18054775872289072,0.8194522412771093,9.0,81.5,22.699386503067483,272.3926380368098,,,
Team 4B,8,2,84.0,37,47,90.0,63,0,47,16,100,60,116.0,2.697674418604651,4,1.0,4465.0,2350.0,160.0,0.0,43,95.0,100.0,39,100,50.0,0.20675675675675675,0.47368421052631576,1955.0,0.5595238095238095,-0.0010822510822510178,,0.05555555555555555,0,0.0,1.0,0.0851063829787234,0.9148936170212766,0.18054775872289072,0.8194522412771093,9.0,39.5,59.49367088607595,713.9240506329113,-5.405405405405399,6.012506012505654e-05,0.473172119487909
Team 4B,8,3,104.0,45,59,85.0,16,40,56,0,160,100,160.0,2.909090909090909,4,0.9491525423728814,4928.0,2800.0,0.0,60.0,55,88.0,95.0,63,150,50.0,0.10369540873460248,0.4318181818181818,2068.0,0.5673076923076923,0.007783882783882756,,0.03529411764705882,3,0.05084745762711865,0.9491525423728814,0.06779661016949153,0.9322033898305084,0.18054775872289072,0.8194522412771093,9.0,8.0,350.0,4200.0,-3.4650455927051658,-0.00027472527472527375,0.4098613251155624
Team 4B,8,4,108.0,54,54,79.0,0,60,54,6,205,105,211.0,3.5762711864406778,-5,1.0,4752.0,2700.0,60.0,0.0,59,88.0,88.0,71,100,50.0,-0.0357142857142857,0.4318181818181818,1992.0,0.5,-0.06730769230769229,-0.020202020202020183,0.11392405063291139,0,0.0,1.0,0.09259259259259259,0.9074074074074074,0.18054775872289072,0.8194522412771093,9.0,3.0,900.0,10800.0,,0.0076679649464459565,0.4045864045864046
Team 4B,8,5,134.0,61,73,79.0,6,100,73,33,215,110,248.0,3.220779220779221,-4,1.0,6059.0,3650.0,330.0,0.0,77,83.0,88.0,69,100,50.0,0.2750420875420876,0.39759036144578314,2079.0,0.5447761194029851,0.04477611940298509,-0.0049158967069414805,0.05063291139240506,0,0.0,1.0,0.0547945205479452,0.9452054794520548,0.18054775872289072,0.8194522412771093,9.0,19.5,187.17948717948718,2246.153846153846,-6.192592592592598,-0.002267145286227093,0.39759036144578314
Team 4B,8,6,164.0,85,79,74.0,33,105,79,59,200,90,259.0,3.2375,-1,1.0,6557.0,3950.0,590.0,0.0,80,83.0,83.0,73,100,50.0,0.08219178082191791,0.39759036144578314,2017.0,0.4817073170731707,-0.06306880232981438,-0.02853345841150719,0.12162162162162163,0,0.0,1.0,0.012658227848101266,0.9873417721518988,0.18054775872289072,0.8194522412771093,9.0,46.0,85.8695652173913,1030.4347826086955,,0.007670530013085533,0.37400247338124
Team 4B,8,7,268.0,126,142,74.0,59,110,142,27,200,110,227.0,2.522222222222222,52,1.0,11076.0,7100.0,270.0,0.0,90,78.0,78.0,86,150,50.0,0.6891871282598749,0.358974358974359,3706.0,0.5298507462686567,0.048143429195485976,0.009950248756218897,0.05405405405405406,0,0.0,1.0,0.36619718309859156,0.6338028169014085,0.18054775872289072,0.8194522412771093,9.0,43.0,165.11627906976744,1981.3953488372094,-13.23797468354431,-0.002602347524080323,0.358974358974359
Team 4B,8,8,322.0,158,164,70.0,27,90,117,0,310,200,310.0,2.649572649572649,47,0.7134146341463414,8892.0,5850.0,0.0,940.0,117,76.0,76.0,125,250,50.0,-0.19718309859154926,0.34210526315789475,2102.0,0.5093167701863354,-0.020533976082321326,-0.011819783072216575,0.08571428571428572,47,0.2865853658536585,0.7134146341463414,0.2865853658536585,0.7134146341463414,0.18054775872289072,0.8194522412771093,9.0,13.5,433.3333333333333,5200.0,-6.0422535211267565,0.0017600550927703994,0.2391521564938471
Team 4B,8,9,384.0,241,143,70.0,0,110,110,0,450,250,450.0,4.090909090909091,33,0.7692307692307693,9350.0,5500.0,0.0,660.0,110,85.0,73.0,182,150,50.0,0.051506972559604236,0.4117647058823529,3190.0,0.3723958333333333,-0.13692093685300205,-0.03643716124661247,0.21428571428571427,33,0.23076923076923078,0.7692307692307693,0.23076923076923078,0.7692307692307692,0.18054775872289072,0.8194522412771093,9.0,0.0,,,-1.0813008130081299,0.029340200754214722,0.27859640119277435
Team 4B,8,10,302.0,176,126,70.0,0,200,126,74,600,350,674.0,3.271844660194174,-80,1.0,9702.0,6300.0,740.0,0.0,206,77.0,77.0,206,400,50.0,0.03764705882352937,0.35064935064935066,2662.0,0.41721854304635764,0.04482270971302432,-0.03754406774076635,0.1,0,0.0,1.0,0.6349206349206349,0.3650793650793651,0.18054775872289072,0.8194522412771093,9.0,37.0,170.27027027027026,2043.2432432432431,1.263111888111888,-0.004482270971302433,0.35064935064935066
Team 4B,8,11,350.0,124,226,77.0,74,250,226,98,500,150,598.0,2.99,26,1.0,14464.0,11300.0,980.0,0.0,200,64.0,73.0,170,150,50.0,0.49082663368377655,0.21875,2184.0,0.6457142857142857,0.22849574266792805,0.04546583850931677,-0.16883116883116883,0,0.0,1.0,0.11504424778761062,0.8849557522123894,0.18054775872289072,0.8194522412771093,9.0,86.0,131.3953488372093,1576.7441860465115,-4.700854700854703,0.03857720330757227,0.21875
Team 4B,8,12,400.0,150,250,77.0,98,350,250,198,150,0,348.0,1.5675675675675675,28,1.0,17500.0,12500.0,1980.0,0.0,222,70.0,62.0,222,300,50.0,0.2099004424778761,0.2857142857142857,3020.0,0.625,-0.020714285714285685,0.0842013888888889,-0.09090909090909091,0,0.0,1.0,0.112,0.888,0.18054775872289072,0.8194522412771093,9.0,148.0,84.45945945945945,1013.5135135135134,1.1327433628318577,-0.0018831168831168806,0.27991602519244224
Team 5A,9,1,66.0,29,37,100.0,100,0,37,63,50,50,113.0,3.2285714285714286,2,1.0,3404.0,1850.0,630.0,0.0,35,92.0,100.0,33,50,50.0,,0.45652173913043476,924.0,0.5606060606060606,,,-0.08,0,0.0,1.0,0.05405405405405406,0.9459459459459459,0.15391671602931653,0.8460832839706834,4.833333333333333,81.5,22.699386503067483,272.3926380368098,,,
Team 5A,9,2,84.0,40,44,82.0,63,0,44,19,160,110,179.0,4.365853658536586,3,1.0,3960.0,2200.0,190.0,0.0,41,90.0,92.0,38,100,50.0,0.163337250293772,0.4444444444444444,1570.0,0.5238095238095238,-0.036796536796536716,,0.0975609756097561,0,0.0,1.0,0.06818181818181818,0.9318181818181819,0.15391671602931653,0.8460832839706834,4.833333333333333,41.0,53.65853658536585,643.9024390243902,-8.702702702702712,0.0035899060289304114,0.4286708420320111
Team 5A,9,3,104.0,50,54,81.0,19,50,54,15,210,100,225.0,3.8793103448275854,-4,1.0,4752.0,2700.0,150.0,0.0,58,88.0,90.0,53,100,50.0,0.19999999999999996,0.4318181818181818,1902.0,0.5192307692307693,-0.0045787545787545625,,0.08641975308641975,0,0.0,1.0,0.07407407407407407,0.9259259259259259,0.15391671602931653,0.8460832839706834,4.833333333333333,17.0,158.8235294117647,1905.8823529411764,-10.227272727272714,0.00039569484013928316,0.42985000414353197
Team 5A,9,4,108.0,51,57,79.0,15,110,57,68,155,55,223.0,3.716666666666667,-3,1.0,4845.0,2850.0,680.0,0.0,60,85.0,88.0,65,50,50.0,0.01957070707070696,0.4117647058823529,1315.0,0.5277777777777778,0.008547008547008517,-0.01094276094276092,0.0759493670886076,0,0.0,1.0,0.05263157894736842,0.9473684210526316,0.15391671602931653,0.8460832839706834,4.833333333333333,41.5,68.67469879518072,824.0963855421686,-1.6296296296296318,-0.0006491398896462165,0.4117647058823529
Team 5A,9,5,134.0,71,63,76.0,68,100,63,105,95,40,200.0,3.508771929824561,6,1.0,5418.0,3150.0,1050.0,0.0,57,86.0,85.0,61,50,50.0,0.11826625386996903,0.4186046511627907,1218.0,0.4701492537313433,-0.05762852404643448,-0.01788675669272684,0.13157894736842105,0,0.0,1.0,0.09523809523809523,0.9047619047619048,0.15391671602931653,0.8460832839706834,4.833333333333333,86.5,36.41618497109827,436.99421965317924,8.947368421052673,0.007582700532425589,0.39579553845733095
Team 5A,9,6,164.0,75,89,77.0,105,55,89,71,160,120,231.0,3.0,12,1.0,7120.0,4450.0,710.0,0.0,77,80.0,86.0,74,150,50.0,0.3141380583241049,0.375,1960.0,0.5426829268292683,0.07253367309792502,0.007817385866166352,0.03896103896103896,0,0.0,1.0,0.1348314606741573,0.8651685393258427,0.15391671602931653,0.8460832839706834,4.833333333333333,88.0,50.56818181818182,606.8181818181819,-5.915343915343915,-0.00282598726355552,0.375
Team 5A,9,7,268.0,132,136,72.0,71,40,111,0,264,144,264.0,2.901098901098901,45,0.8161764705882353,8658.0,5550.0,0.0,500.0,91,78.0,78.0,91,150,50.0,0.2160112359550561,0.358974358974359,2608.0,0.5074626865671642,-0.03522024026210413,-0.00677169707020453,0.08333333333333333,25,0.18382352941176472,0.8161764705882353,0.33088235294117646,0.6691176470588236,0.15391671602931653,0.8460832839706834,4.833333333333333,35.5,156.33802816901408,1876.056338028169,-21.123595505617956,0.002935020021842011,0.28301844761573264
Team 5A,9,8,322.0,216,106,72.0,0,120,106,14,394,250,408.0,3.4,-14,1.0,9964.0,5300.0,140.0,0.0,120,94.0,75.0,172,250,50.0,0.15084315084315092,0.46808510638297873,4524.0,0.32919254658385094,-0.17827013998331326,-0.04698556904916412,0.3055555555555556,0,0.0,1.0,0.1320754716981132,0.8679245283018868,0.15391671602931653,0.8460832839706834,4.833333333333333,7.0,757.1428571428571,9085.714285714286,-1.0753676470588238,0.05447143166156795,0.3972646768334533
Team 5A,9,9,384.0,198,186,72.0,14,144,158,0,430,180,430.0,2.8666666666666667,36,0.8494623655913979,12008.0,7900.0,0.0,560.0,150,76.0,83.0,135,200,50.0,0.20513849859494182,0.34210526315789475,3548.0,0.484375,0.15518245341614906,-0.01943597560975611,0.05555555555555555,28,0.15053763440860216,0.8494623655913979,0.1935483870967742,0.8064516129032258,0.15391671602931653,0.8460832839706834,4.833333333333333,7.0,1128.5714285714287,13542.857142857145,-3.941299790356393,-0.00862124741200828,0.29060554612337297
Team 5A,9,10,302.0,156,146,72.0,0,250,146,104,530,350,634.0,2.9488372093023254,-69,1.0,10804.0,7300.0,1040.0,0.0,215,74.0,74.0,213,450,50.0,-0.10026648900732849,0.32432432432432434,2464.0,0.48344370860927155,-0.0009312913907284504,-0.008006325985964216,0.027777777777777776,0,0.0,1.0,0.4726027397260274,0.5273972602739726,0.15391671602931653,0.8460832839706834,4.833333333333333,52.0,140.3846153846154,1684.6153846153848,8.172043010752699,2.586920529801251e-05,0.3240225648992319
Team 5A,9,11,350.0,176,174,72.0,104,180,174,110,350,0,460.0,3.2857142857142856,34,1.0,12876.0,8700.0,1100.0,0.0,140,74.0,73.0,203,0,50.0,0.19178082191780832,0.32432432432432434,3076.0,0.49714285714285716,0.013699148533585614,0.055983436853002076,0.027777777777777776,0,0.0,1.0,0.19540229885057472,0.8045977011494253,0.15391671602931653,0.8460832839706834,4.833333333333333,107.0,81.30841121495327,975.7009345794393,,-0.0003805319037107115,0.32432432432432434
Team 5A,9,12,400.0,170,230,72.0,110,350,230,230,0,0,230.0,1.0454545454545454,10,1.0,16100.0,11500.0,2300.0,0.0,220,70.0,74.0,211,450,50.0,0.25038831935383654,0.2857142857142857,2300.0,0.575,0.07785714285714279,0.03020833333333332,-0.027777777777777776,0,0.0,1.0,0.043478260869565216,0.9565217391304348,0.15391671602931653,0.8460832839706834,4.833333333333333,170.0,67.6470588235294,811.7647058823529,-5.954022988505748,0.002162698412698411,0.2857142857142857
Team 5B,10,1,66.0,29,37,100.0,100,0,37,63,120,120,183.0,4.066666666666666,-8,1.0,3515.0,1850.0,630.0,0.0,45,95.0,100.0,33,100,50.0,,0.47368421052631576,1035.0,0.5606060606060606,,,-0.05,0,0.0,1.0,0.21621621621621623,0.7837837837837838,0.20525692625054878,0.7947430737494512,10.166666666666666,81.5,22.699386503067483,272.3926380368098,,,
Team 5B,10,2,84.0,46,38,85.0,63,0,38,25,120,0,145.0,4.53125,6,1.0,3876.0,1900.0,250.0,0.0,32,102.0,95.0,32,0,50.0,0.10270270270270276,0.5098039215686274,1726.0,0.4523809523809524,-0.10822510822510817,,0.2,0,0.0,1.0,0.15789473684210525,0.8421052631578947,0.20525692625054878,0.7947430737494512,10.166666666666666,44.0,43.18181818181818,518.1818181818181,0.366795366795366,0.021645021645021634,0.4600183823529411
Team 5B,10,3,104.0,54,50,91.0,25,120,50,95,50,50,145.0,3.8157894736842106,12,1.0,5100.0,2500.0,950.0,0.0,38,102.0,102.0,36,50,50.0,0.3157894736842106,0.5098039215686274,1650.0,0.4807692307692308,0.0283882783882784,,0.12087912087912088,0,0.0,1.0,0.24,0.76,0.20525692625054878,0.7947430737494512,10.166666666666666,60.0,41.666666666666664,500.0,,-0.003431550134846839,0.5098039215686274
Team 5B,10,4,108.0,60,48,91.0,95,0,48,47,120,70,167.0,3.5531914893617023,1,1.0,5040.0,2400.0,470.0,0.0,47,105.0,102.0,37,50,50.0,-0.0117647058823529,0.5238095238095238,2170.0,0.4444444444444444,-0.03632478632478636,-0.03872053872053871,0.15384615384615385,0,0.0,1.0,0.020833333333333332,0.9791666666666666,0.20525692625054878,0.7947430737494512,10.166666666666666,71.0,33.80281690140845,405.6338028169014,-1.360000000000006,0.005588428665351748,0.5054491899852724
Team 5B,10,5,134.0,71,63,91.0,47,50,63,34,110,40,144.0,2.938775510204082,14,1.0,6300.0,3150.0,340.0,0.0,49,100.0,105.0,57,50,50.0,0.25,0.5,2810.0,0.4701492537313433,0.02570480928689889,0.005922767116796975,0.0989010989010989,0,0.0,1.0,0.2222222222222222,0.7777777777777778,0.20525692625054878,0.7947430737494512,10.166666666666666,40.5,77.77777777777777,933.3333333333333,-6.562499999999993,-0.0025422338855174724,0.5
Team 5B,10,6,164.0,86,78,91.0,34,70,78,26,140,100,166.0,2.5538461538461537,13,1.0,7800.0,3900.0,260.0,0.0,65,100.0,100.0,78,150,50.0,0.23809523809523814,0.5,3640.0,0.47560975609756095,0.0054605023662176455,-0.0017198248905566094,0.0989010989010989,0,0.0,1.0,0.16666666666666666,0.8333333333333334,0.20525692625054878,0.7947430737494512,10.166666666666666,30.0,130.0,1560.0,,-0.0005400496845709759,0.5
Team 5B,10,7,268.0,141,127,91.0,26,40,66,0,250,150,250.0,2.7777777777777777,37,0.5196850393700787,6600.0,3300.0,0.0,1220.0,90,100.0,95.0,99,200,50.0,-0.15384615384615385,0.5,2080.0,0.47388059701492535,-0.0017291590826356007,0.009812050856826978,0.0989010989010989,61,0.48031496062992124,0.5196850393700787,0.29133858267716534,0.7086614173228347,0.20525692625054878,0.7947430737494512,10.166666666666666,13.0,253.84615384615384,3046.153846153846,,0.000171015733447477,0.2593939862177898
Team 5B,10,8,322.0,214,108,91.0,0,100,100,0,400,250,400.0,3.333333333333333,-12,0.925925925925926,11000.0,5000.0,0.0,160.0,120,110.0,95.0,168,250,50.0,0.6666666666666667,0.5454545454545454,5840.0,0.33540372670807456,-0.1384768703068508,-0.044915175674422915,0.2087912087912088,8,0.07407407407407407,0.9259259259259259,0.1111111111111111,0.8888888888888888,0.20525692625054878,0.7947430737494512,10.166666666666666,0.0,,,-1.4960629921259825,0.028912753140990826,0.4436194693304398
Team 5B,10,9,384.0,205,179,100.0,0,150,150,0,450,200,450.0,3.0,29,0.8379888268156425,15000.0,7500.0,0.0,580.0,150,100.0,100.0,140,200,50.0,0.36363636363636354,0.5,6920.0,0.4661458333333333,0.13074210662525876,-0.003154640921409213,0.0,29,0.16201117318435754,0.8379888268156425,0.16201117318435754,0.8379888268156425,0.20525692625054878,0.7947430737494512,10.166666666666666,0.0,,,-7.231481481481479,-0.0,0.41899441340782123
Team 5B,10,10,302.0,130,172,110.0,0,250,172,78,250,50,328.0,1.3957446808510638,-63,1.0,16684.0,8600.0,780.0,0.0,235,97.0,98.0,205,500,50.0,0.11226666666666674,0.4845360824742268,7304.0,0.5695364238410596,0.10339059050772631,0.031885275608711426,-0.11818181818181818,0,0.0,1.0,0.36627906976744184,0.6337209302325582,0.20525692625054878,0.7947430737494512,10.166666666666666,39.0,220.51282051282053,2646.153846153846,1.3035381750465542,0.012218887969094927,0.4845360824742268
Team 5B,10,11,350.0,153,197,110.0,78,200,197,81,50,0,131.0,1.0916666666666666,77,1.0,20882.0,9850.0,810.0,0.0,120,106.0,97.0,194,200,50.0,0.2516183169503716,0.5283018867924528,10222.0,0.5628571428571428,-0.006679280983916791,0.07581780538302275,-0.03636363636363636,0,0.0,1.0,0.39086294416243655,0.6091370558375635,0.20525692625054878,0.7947430737494512,10.166666666666666,79.5,123.8993710691824,1486.7924528301887,1.5665374677002606,-0.00024288294486970148,0.5247966226900952
Team 5B,10,12,400.0,264,136,95.0,81,50,131,0,0,0,0.0,0.0,16,0.9632352941176472,16375.0,6550.0,0.0,100.0,120,125.0,106.0,151,350,50.0,-0.21583181687577824,0.6,9725.0,0.34,-0.2228571428571428,-0.0420486111111111,0.3157894736842105,5,0.03676470588235294,0.9632352941176471,0.11764705882352941,0.8823529411764706,0.20525692625054878,0.7947430737494512,10.166666666666666,40.5,161.7283950617284,1940.7407407407409,-1.7274913171253001,0.07037593984962404,0.4726154480483783
Team 6A,11,1,66.0,29,37,100.0,100,0,37,63,160,160,223.0,4.054545454545455,-18,1.0,3330.0,1850.0,630.0,0.0,55,90.0,100.0,33,150,50.0,,0.4444444444444444,850.0,0.5606060606060606,,,-0.1,0,0.0,1.0,0.4864864864864865,0.5135135135135135,0.1481621629750409,0.8518378370249591,1.1666666666666667,81.5,22.699386503067483,272.3926380368098,,,
Team 6A,11,2,84.0,41,43,81.0,63,0,43,20,160,0,180.0,4.5,3,1.0,3870.0,2150.0,200.0,0.0,40,90.0,90.0,37,0,50.0,0.16216216216216206,0.4444444444444444,1520.0,0.5119047619047619,-0.04870129870129869,,0.1111111111111111,0,0.0,1.0,0.06976744186046512,0.9302325581395349,0.1481621629750409,0.8518378370249591,1.1666666666666667,41.5,51.80722891566265,621.6867469879518,,0.005411255411255409,0.4238046095631235
Team 6A,11,3,104.0,51,53,81.0,20,160,53,127,0,0,127.0,2.39622641509434,0,1.0,4717.0,2650.0,1270.0,0.0,53,89.0,90.0,49,50,50.0,0.21886304909560717,0.43820224719101125,797.0,0.5096153846153846,-0.0022893772893772812,,0.09876543209876543,0,0.0,1.0,0.0,1.0,0.1481621629750409,0.8518378370249591,1.1666666666666667,73.5,36.054421768707485,432.6530612244898,-20.930232558139608,0.0002261113372224475,0.43720132839888926
Team 6A,11,4,108.0,53,55,80.0,127,0,55,72,0,0,72.0,1.2,-5,1.0,4785.0,2750.0,720.0,0.0,60,87.0,89.0,55,150,50.0,0.01441594233623067,0.42528735632183906,1315.0,0.5092592592592593,-0.00035612535612528085,-0.01711560044893375,0.0875,0,0.0,1.0,0.09090909090909091,0.9090909090909091,0.1481621629750409,0.8518378370249591,1.1666666666666667,99.5,27.63819095477387,331.6582914572864,-1.6792452830188636,3.116096866096207e-05,0.42513595462859527
Team 6A,11,5,134.0,70,64,78.0,72,0,64,8,90,90,98.0,1.75,8,1.0,5568.0,3200.0,80.0,0.0,56,87.0,87.0,59,200,50.0,0.16363636363636358,0.42528735632183906,2288.0,0.47761194029850745,-0.03164731896075185,-0.011430940535418136,0.11538461538461539,0,0.0,1.0,0.125,0.875,0.1481621629750409,0.8518378370249591,1.1666666666666667,40.0,80.0,960.0,,0.0036516137262405978,0.41224103286601843
Team 6A,11,6,164.0,82,82,78.0,8,0,8,0,150,60,150.0,2.142857142857143,12,0.0975609756097561,680.0,400.0,0.0,1480.0,70,85.0,87.0,71,200,50.0,-0.8778735632183908,0.4117647058823529,-1200.0,0.5,0.022388059701492546,-0.0032051282051281937,0.08974358974358974,74,0.9024390243902439,0.0975609756097561,0.14634146341463414,0.8536585365853658,0.1481621629750409,0.8518378370249591,1.1666666666666667,4.0,100.0,1200.0,-12.234375000000014,-0.0020091848450057414,0.040172166427546625
Team 6A,11,7,268.0,153,115,85.0,0,90,90,0,210,150,210.0,2.625,35,0.782608695652174,7650.0,4500.0,0.0,500.0,80,85.0,70.0,79,200,50.0,10.25,0.4117647058823529,2650.0,0.4291044776119403,-0.07089552238805968,-0.026718260549106327,0.0,25,0.21739130434782608,0.782608695652174,0.30434782608695654,0.6956521739130435,0.1481621629750409,0.8518378370249591,1.1666666666666667,0.0,,,,0.0,0.30091697336410705
Team 6A,11,8,322.0,159,163,93.0,0,60,60,0,464,314,464.0,2.9743589743589745,7,0.3680981595092024,4980.0,3000.0,0.0,2060.0,156,83.0,83.0,171,450,50.0,-0.34901960784313724,0.39759036144578314,-80.0,0.5062111801242236,0.0771067025122833,0.009533079941905387,-0.10752688172043011,103,0.6319018404907976,0.36809815950920244,0.04294478527607362,0.9570552147239264,0.1481621629750409,0.8518378370249591,1.1666666666666667,0.0,,,-17.739130434782588,0.008291043280890677,0.14635228028679131
Team 6A,11,9,384.0,208,176,102.0,0,150,150,0,514,200,514.0,2.6632124352331608,-17,0.8522727272727273,13350.0,7500.0,0.0,520.0,193,89.0,83.0,215,350,50.0,1.680722891566265,0.43820224719101125,5330.0,0.4583333333333333,-0.0478778467908903,-0.013888888888888895,-0.12745098039215685,26,0.14772727272727273,0.8522727272727273,0.09659090909090909,0.9034090909090909,0.1481621629750409,0.8518378370249591,1.1666666666666667,0.0,,,1.1032719836400815,-0.00610207851256445,0.35640396965568116
Team 6A,11,10,302.0,118,184,112.0,0,314,184,130,200,0,330.0,1.7647058823529411,-3,1.0,16928.0,9200.0,1300.0,0.0,187,92.0,87.0,180,250,50.0,0.2680149812734083,0.45652173913043476,6428.0,0.609271523178808,0.15093818984547464,0.060055681855622545,-0.17857142857142858,0,0.0,1.0,0.016304347826086956,0.9836956521739131,0.1481621629750409,0.8518378370249591,1.1666666666666667,65.0,141.53846153846155,1698.4615384615386,1.348484848484844,0.0269532481866919,0.45652173913043476
Team 6A,11,11,350.0,125,225,112.0,130,200,225,105,0,0,105.0,0.5329949238578681,28,1.0,21150.0,11250.0,1050.0,0.0,197,94.0,92.0,173,500,50.0,0.24940926275992448,0.46808510638297873,8850.0,0.6428571428571429,0.033585619678334955,0.04554865424430643,-0.16071428571428573,0,0.0,1.0,0.12444444444444444,0.8755555555555555,0.1481621629750409,0.8518378370249591,1.1666666666666667,117.5,95.74468085106383,1148.936170212766,10.249999999999954,0.005397688876875261,0.46808510638297873
Team 6A,11,12,400.0,269,131,84.0,105,0,105,0,0,0,0.0,0.0,-36,0.8015267175572519,12075.0,5250.0,0.0,520.0,167,115.0,94.0,165,500,50.0,-0.42907801418439717,0.5652173913043478,6305.0,0.3275,-0.3153571428571429,-0.0436111111111111,0.36904761904761907,26,0.1984732824427481,0.8015267175572519,0.2748091603053435,0.7251908396946565,0.1481621629750409,0.8518378370249591,1.1666666666666667,52.5,100.0,1200.0,-1.8700529100529106,0.11638180272108846,0.3444211656268397
Team 6B,12,1,66.0,29,37,100.0,100,0,37,63,200,200,263.0,3.2875,-43,1.0,3145.0,1850.0,630.0,0.0,80,85.0,100.0,33,250,50.0,,0.4117647058823529,665.0,0.5606060606060606,,,-0.15,0,0.0,1.0,1.162162162162162,-0.16216216216216206,0.26822454876422075,0.7317754512357793,4.333333333333333,81.5,22.699386503067483,272.3926380368098,,,
Team 6B,12,2,84.0,42,42,76.0,63,0,42,21,200,0,221.0,5.525,2,1.0,3570.0,2100.0,210.0,0.0,40,85.0,85.0,40,0,50.0,0.1351351351351351,0.4117647058823529,1260.0,0.5,-0.06060606060606055,,0.11842105263157894,0,0.0,1.0,0.047619047619047616,0.9523809523809523,0.26822454876422075,0.7317754512357793,4.333333333333333,42.0,50.0,600.0,,0.00717703349282296,0.38823529411764707
Team 6B,12,3,104.0,53,51,76.0,21,200,51,170,0,0,170.0,3.863636363636364,7,1.0,4335.0,2550.0,1700.0,0.0,44,85.0,85.0,47,0,50.0,0.2142857142857142,0.4117647058823529,85.0,0.49038461538461536,-0.009615384615384637,,0.11842105263157894,0,0.0,1.0,0.13725490196078433,0.8627450980392157,0.26822454876422075,0.7317754512357793,4.333333333333333,95.5,26.701570680628272,320.4188481675393,,0.0011386639676113385,0.40784313725490196
Team 6B,12,4,108.0,44,64,76.0,170,0,64,106,0,0,106.0,1.7966101694915255,5,1.0,4800.0,3200.0,1060.0,0.0,59,75.0,85.0,60,100,50.0,0.10726643598615926,0.3333333333333333,540.0,0.5925925925925926,0.1022079772079772,0.010662177328844002,-0.013157894736842105,0,0.0,1.0,0.078125,0.921875,0.26822454876422075,0.7317754512357793,4.333333333333333,138.0,23.18840579710145,278.2608695652174,-2.166666666666666,0.001344841805368121,0.3333333333333333
Team 6B,12,5,134.0,69,65,67.0,106,0,65,41,100,100,141.0,1.88,-10,1.0,4875.0,3250.0,410.0,0.0,75,75.0,75.0,89,200,50.0,0.015625,0.3333333333333333,1215.0,0.48507462686567165,-0.1075179657269209,-0.004975124378109448,0.11940298507462686,0,0.0,1.0,0.15384615384615385,0.8461538461538461,0.26822454876422075,0.7317754512357793,4.333333333333333,73.5,44.21768707482993,530.6122448979592,,0.012837966056945779,0.3009732967307212
Team 6B,12,6,164.0,66,98,67.0,41,0,41,0,294,194,294.0,3.6296296296296298,17,0.4183673469387755,2706.0,2050.0,0.0,1140.0,81,66.0,75.0,81,200,50.0,-0.444923076923077,0.24242424242424243,-484.0,0.5975609756097561,0.11248634874408442,0.03572545340838024,-0.014925373134328358,57,0.5816326530612245,0.41836734693877553,0.17346938775510204,0.826530612244898,0.26822454876422075,0.7317754512357793,4.333333333333333,20.5,100.0,1200.0,-4.230769230769231,0.001678900727523648,0.10142238713667284
Team 6B,12,7,268.0,120,148,67.0,0,100,100,0,344,150,344.0,2.84297520661157,27,0.6756756756756757,6400.0,5000.0,0.0,960.0,121,64.0,64.0,121,200,50.0,1.3651145602365116,0.21875,440.0,0.5522388059701493,-0.04532216963960678,-0.013451262207481088,-0.04477611940298507,48,0.32432432432432434,0.6756756756756757,0.18243243243243243,0.8175675675675675,0.26822454876422075,0.7317754512357793,4.333333333333333,0.0,,,-16.836734693877563,-0.002029350879385378,0.1413956944058807
Team 6B,12,8,322.0,225,97,67.0,0,194,97,97,400,250,497.0,3.380952380952381,-50,1.0,8148.0,4850.0,970.0,0.0,147,84.0,62.0,147,250,50.0,0.27312500000000006,0.40476190476190477,2328.0,0.30124223602484473,-0.25099656994530456,-0.06127746361360897,0.2537313432835821,0,0.0,1.0,0.5154639175257731,0.48453608247422686,0.26822454876422075,0.7317754512357793,4.333333333333333,48.5,100.0,1200.0,-1.1027027027027028,0.06368569685179369,0.32355157039287613
Team 6B,12,9,384.0,171,213,73.0,97,150,213,34,400,150,434.0,3.364341085271318,84,1.0,13845.0,10650.0,340.0,0.0,129,65.0,75.0,129,50,50.0,0.6991899852724595,0.23076923076923078,2855.0,0.5546875,0.25344526397515527,-0.014291158536585358,-0.1095890410958904,0,0.0,1.0,0.39436619718309857,0.6056338028169015,0.26822454876422075,0.7317754512357793,4.333333333333333,65.5,162.59541984732823,1951.1450381679388,-5.287032013022248,0.027774823449332083,0.23076923076923078
Team 6B,12,10,302.0,199,103,73.0,34,250,103,181,350,200,531.0,4.214285714285714,-23,1.0,9373.0,5150.0,1810.0,0.0,126,91.0,63.0,126,100,50.0,-0.32300469483568073,0.45054945054945056,2413.0,0.34105960264900664,-0.21362789735099336,-0.07039306777371422,0.2465753424657534,0,0.0,1.0,0.22330097087378642,0.7766990291262136,0.26822454876422075,0.7317754512357793,4.333333333333333,107.5,47.906976744186046,574.8837209302326,-1.2910798122065732,0.052675371949560006,0.3712418374139822
Team 6B,12,11,350.0,161,189,73.0,181,150,189,142,200,0,342.0,1.910614525139665,10,1.0,13608.0,9450.0,1420.0,0.0,179,72.0,82.0,179,200,50.0,0.4518297236743838,0.3055555555555556,2738.0,0.54,0.1989403973509934,0.07958592132505177,-0.0136986301369863,0,0.0,1.0,0.05291005291005291,0.9470899470899471,0.26822454876422075,0.7317754512357793,4.333333333333333,161.5,58.51393188854489,702.1671826625386,-3.9989780275932545,0.0027252109226163475,0.3055555555555556
Team 6B,12,12,400.0,134,266,73.0,142,200,266,76,0,0,76.0,0.3166666666666666,26,1.0,17290.0,13300.0,760.0,0.0,240,65.0,72.0,222,650,50.0,0.2705761316872428,0.23076923076923078,3230.0,0.665,0.125,0.03677083333333334,-0.1095890410958904,0,0.0,1.0,0.09774436090225563,0.9022556390977443,0.26822454876422075,0.7317754512357793,4.333333333333333,109.0,122.01834862385321,1464.2201834862385,-4.190476190476192,0.0136986301369863,0.23076923076923078
